-- phpMyAdmin SQL Dump
-- version 5.2.0
-- https://www.phpmyadmin.net/
--
-- Host: 127.0.0.1:3306
-- Generation Time: Sep 29, 2023 at 10:23 AM
-- Server version: 8.0.31
-- PHP Version: 7.4.33

SET SQL_MODE = "NO_AUTO_VALUE_ON_ZERO";
START TRANSACTION;
SET time_zone = "+00:00";


/*!40101 SET @OLD_CHARACTER_SET_CLIENT=@@CHARACTER_SET_CLIENT */;
/*!40101 SET @OLD_CHARACTER_SET_RESULTS=@@CHARACTER_SET_RESULTS */;
/*!40101 SET @OLD_COLLATION_CONNECTION=@@COLLATION_CONNECTION */;
/*!40101 SET NAMES utf8mb4 */;

--
-- Database: `digicamp_temple`
--

-- --------------------------------------------------------

--
-- Table structure for table `app_accounts`
--

DROP TABLE IF EXISTS `app_accounts`;
CREATE TABLE IF NOT EXISTS `app_accounts` (
  `id` int NOT NULL AUTO_INCREMENT,
  `name` varchar(100) NOT NULL,
  `is_active` tinyint(1) NOT NULL,
  `created_by` int NOT NULL,
  `created_on` datetime NOT NULL,
  `updated_on` datetime NOT NULL,
  PRIMARY KEY (`id`)
) ENGINE=InnoDB AUTO_INCREMENT=6 DEFAULT CHARSET=utf8mb3;

--
-- Dumping data for table `app_accounts`
--

INSERT INTO `app_accounts` (`id`, `name`, `is_active`, `created_by`, `created_on`, `updated_on`) VALUES
(1, 'Shyam Lal purohit', 1, 7, '2022-03-29 13:12:36', '0000-00-00 00:00:00'),
(2, 'Balu ram sharma', 1, 7, '2022-03-29 13:14:12', '0000-00-00 00:00:00'),
(3, 'Gopal mangilal ji', 1, 7, '2022-03-29 13:14:54', '0000-00-00 00:00:00'),
(4, 'Shankar babu ji', 1, 7, '2022-03-29 13:15:22', '0000-00-00 00:00:00'),
(5, 'Gramin bank luhariya', 1, 7, '2022-03-29 13:16:40', '0000-00-00 00:00:00');

-- --------------------------------------------------------

--
-- Table structure for table `app_admin`
--

DROP TABLE IF EXISTS `app_admin`;
CREATE TABLE IF NOT EXISTS `app_admin` (
  `id` int NOT NULL AUTO_INCREMENT,
  `profile_image` varchar(100) NOT NULL DEFAULT '',
  `first_name` varchar(100) NOT NULL,
  `last_name` varchar(100) NOT NULL,
  `email` varchar(100) NOT NULL,
  `password` varchar(100) NOT NULL,
  `phone` varchar(20) NOT NULL DEFAULT '',
  `address` text,
  `city` varchar(50) NOT NULL,
  `amount` int NOT NULL,
  `status` enum('A','I','D','P') NOT NULL DEFAULT 'P' COMMENT 'A:Approved ,P:Pending ,I:Inactive,D:Deleted,C:Completed',
  `profile_status` enum('V','N','R') NOT NULL DEFAULT 'N' COMMENT 'V:Verify , N:Not Verify,R: Rejected',
  `type` enum('A','S','C') NOT NULL DEFAULT 'A' COMMENT 'A:Admin,S:Staff,C:Client',
  `token` varchar(255) DEFAULT NULL,
  `default_password_changed` int NOT NULL DEFAULT '0',
  `reset_password_check` int NOT NULL DEFAULT '0',
  `reset_password_requested_on` datetime DEFAULT NULL,
  `created_by` int NOT NULL DEFAULT '1',
  `created_on` datetime DEFAULT NULL,
  `updated_on` datetime DEFAULT NULL,
  `last_login` datetime DEFAULT NULL,
  PRIMARY KEY (`id`),
  UNIQUE KEY `phone` (`phone`)
) ENGINE=InnoDB AUTO_INCREMENT=122 DEFAULT CHARSET=utf8mb3;

--
-- Dumping data for table `app_admin`
--

INSERT INTO `app_admin` (`id`, `profile_image`, `first_name`, `last_name`, `email`, `password`, `phone`, `address`, `city`, `amount`, `status`, `profile_status`, `type`, `token`, `default_password_changed`, `reset_password_check`, `reset_password_requested_on`, `created_by`, `created_on`, `updated_on`, `last_login`) VALUES
(1, '', 'Ram', 'Sharma', 'admin@gmail.com', '827ccb0eea8a706c4c34a16891f84e7b', '9413555613', NULL, 'Bhilwara', 91000, 'A', 'N', 'A', NULL, 0, 0, NULL, 1, '2022-02-05 11:55:16', '2022-04-03 13:24:34', NULL),
(7, '', 'shyam lal', 'compounder', '', '827ccb0eea8a706c4c34a16891f84e7b', '9460966575', NULL, 'jorapura', 2102100, 'A', 'N', 'A', NULL, 0, 0, NULL, 3, '2022-02-28 05:48:14', '2023-01-16 06:21:34', NULL),
(13, '', 'Laxmi narayan', 'Purohit', '', '827ccb0eea8a706c4c34a16891f84e7b', '9571068234', NULL, 'Danta', 31000, 'A', 'N', 'A', NULL, 0, 0, NULL, 7, '2022-03-05 10:24:45', '2022-04-02 18:49:59', NULL),
(14, '', 'Jagdish arjun ji', 'Sharma', '', '827ccb0eea8a706c4c34a16891f84e7b', '9602414671', NULL, 'Danta', 0, 'A', 'N', 'C', NULL, 0, 0, NULL, 7, '2022-03-05 10:26:17', '2022-04-15 18:56:40', NULL),
(17, '', 'mangilal ji', 'tulsi ram ji Purohit', '', '827ccb0eea8a706c4c34a16891f84e7b', '9928108368', NULL, 'Danta', 251000, 'A', 'N', 'C', NULL, 0, 0, NULL, 7, '2022-03-05 18:42:48', '2022-07-18 13:30:55', NULL),
(20, '', 'shankar babu ji', 'sharma', '', '827ccb0eea8a706c4c34a16891f84e7b', '9414292172', NULL, 'danta', 111111, 'A', 'N', 'C', NULL, 0, 0, NULL, 7, '2022-03-10 06:40:04', '2022-04-15 18:56:05', NULL),
(21, '', 'bheru sohan ji', 'vyas', '', '827ccb0eea8a706c4c34a16891f84e7b', '6350533505', NULL, 'danta', 0, 'A', 'N', 'A', NULL, 0, 0, NULL, 7, '2022-03-10 06:43:28', NULL, NULL),
(24, '', 'ladu lal ji khem raj ji', 'Purohit', '', 'e8574a7f50d875b3101d29c2c0b75e5a', '9680347720', NULL, 'Danta', 151000, 'A', 'N', 'C', NULL, 0, 0, NULL, 7, '2022-04-02 12:56:12', '2022-04-03 07:39:52', NULL),
(25, '', 'Shyam ji', 'badri basa', '', 'c8c61b4e5c05026835264eb2ba9380cb', '9829087985', NULL, 'Bhilwara', 111111, 'A', 'N', 'C', NULL, 0, 0, NULL, 7, '2022-04-02 12:59:37', '2022-04-06 21:38:03', NULL),
(26, '', 'Prlad ji', 'Ganesh ji purohit', '', 'a70b128a8f2e0d40746f22c4fa2cc725', '9413270559', NULL, 'Danta', 111111, 'A', 'N', 'C', NULL, 0, 0, NULL, 7, '2022-04-02 18:51:48', '2022-04-03 07:40:42', NULL),
(27, '', 'Kashi lal ji', 'Ganesh ji purohit', '', '4c3754f8e42f5327236e914c63e8ed9e', '9461025633', NULL, 'Bhilwara', 110000, 'A', 'N', 'C', NULL, 0, 0, NULL, 7, '2022-04-02 23:04:38', '2023-03-24 07:25:30', NULL),
(29, '', 'Balu ram sharma', 'photo grafar', '', '25d55ad283aa400af464c76d713c07ad', '8209801262', NULL, 'Danta', 101101, 'A', 'N', 'A', NULL, 1, 0, NULL, 1, '2022-04-03 13:17:27', '2022-07-18 06:00:08', NULL),
(30, '', 'rajaram', 'laxmi narayan sharma', '', 'b0c015f011406e71d4fc6cd834bca52e', '9461215004', NULL, 'danta', 51000, 'A', 'N', 'C', NULL, 0, 0, NULL, 7, '2022-04-04 21:02:52', '2022-07-18 12:32:19', NULL),
(31, '', 'rampal', 'bheru ji sharma', '', '4c251ee7e346b82b12ffae0bae6fb7d9', '9571068237', NULL, 'danta', 11100, 'A', 'N', 'C', NULL, 0, 0, NULL, 7, '2022-04-04 21:13:24', '2022-07-18 12:58:01', NULL),
(32, '', 'ladu lal', 'harnarayan ji jat', '', 'b3fa0f73b42b2693eaa605e8a861a4b2', '9529699545', NULL, 'danta', 51100, 'A', 'N', 'C', NULL, 0, 0, NULL, 7, '2022-04-04 21:17:17', '2022-07-18 13:40:16', NULL),
(33, '', 'mahavir', 'balu ji sharma', '', 'd81a4fa2c1cd99f56f0b2eb10bbda7cf', '1233211233', NULL, 'danta', 51000, 'A', 'N', 'C', NULL, 0, 0, NULL, 7, '2022-04-04 22:32:21', NULL, NULL),
(36, '', 'jag jivan ji', 'laxmi lal ji', '', '5a8628c5835385b4832916ad1ee5f407', '9929139579', NULL, 'bhilwara', 5100, 'A', 'N', 'C', NULL, 0, 0, NULL, 7, '2022-04-05 05:49:29', NULL, NULL),
(37, '', 'radhe shyam ji', 'sarpanch sab', '', '254ce28a44af49caab77fbff8ebe539b', '1234566541', NULL, 'danta', 101101, 'A', 'N', 'C', NULL, 0, 0, NULL, 7, '2022-04-05 05:53:27', NULL, NULL),
(38, '', 'dinesh', 'heera lal ji vyas', '', 'dcf5ce83b57527301b03d9dd6ef86a96', '9876541230', NULL, 'danta', 101101, 'A', 'N', 'C', NULL, 0, 0, NULL, 7, '2022-04-05 05:56:04', NULL, NULL),
(39, '', 'ramprasad', 'shankar lal ji panday', '', '58a941edb710b31ec4848f4fbdfb5477', '8005981335', NULL, 'danta', 101101, 'A', 'N', 'C', NULL, 0, 0, NULL, 7, '2022-04-05 05:58:42', NULL, NULL),
(40, '', 'prem lal', 'mohan ji suthar', '', '71f6d63a0997e8285bc8d5432017860a', '9983109646', NULL, 'danta', 21000, 'A', 'N', 'C', NULL, 0, 0, NULL, 7, '2022-04-05 06:03:54', '2022-07-18 12:37:54', NULL),
(41, '', 'gopal', 'ram narayan ji suthar', '', '0a301afe3b5bcb4743cbfead89a8e8db', '9509543055', NULL, 'danta', 51000, 'A', 'N', 'C', NULL, 0, 0, NULL, 7, '2022-04-05 06:09:28', NULL, NULL),
(42, '', 'Jagdish satu', 'shankar lal ji', '', '2b5de824e62ff87ffb115984f88115f8', '3245632456', NULL, 'danta', 34272, 'A', 'N', 'C', NULL, 0, 0, NULL, 7, '2022-04-05 06:15:02', '2023-03-24 06:44:52', NULL),
(43, '', 'bal kishan', 'ganesh ji bohra', '', '2bc83fddffbce1db4b9840c4285de70d', '7878731546', NULL, 'danta', 21000, 'A', 'N', 'C', NULL, 0, 0, NULL, 7, '2022-04-05 06:16:22', NULL, NULL),
(44, '', 'murly', 'rameshar ji sharma', '', 'c2e91025c9b69549ae8f68479ec02c5d', '8890726679', NULL, 'danta', 21000, 'A', 'N', 'C', NULL, 0, 0, NULL, 7, '2022-04-05 06:18:02', NULL, NULL),
(45, '', 'ganesh', 'harishchander ji', '', 'd01f178b1bac8a7f54a06993d5e6c6e1', '9928807890', NULL, 'danta', 21111, 'A', 'N', 'C', NULL, 0, 0, NULL, 7, '2022-04-05 06:19:58', '2022-11-09 08:21:33', NULL),
(46, '', 'bhagwati lal', 'ganesh ji bohra', '', 'f8591843a6eb5a24e7d1c396f9b1f1f3', '9785427932', NULL, 'danta', 31000, 'A', 'N', 'C', NULL, 0, 0, NULL, 7, '2022-04-05 06:22:16', '2022-07-18 13:12:15', NULL),
(47, '', 'ganesh', 'balu ram ji sharma', '', '683aa9d1589f4d775fbf35f22a463286', '9413757038', NULL, 'danta', 11000, 'A', 'N', 'C', NULL, 0, 0, NULL, 7, '2022-04-05 06:27:45', NULL, NULL),
(48, '', 'vishnu', 'jagdish maraj', '', '86184aef970858f75113e21336d251eb', '8824188415', NULL, 'danta', 55555, 'A', 'N', 'C', NULL, 0, 0, NULL, 7, '2022-04-05 06:30:17', NULL, NULL),
(49, '', 'rameshar', 'madhu ji suthar', '', '4609fd27b7bdd06543180d1aa475d49c', '3213691230', NULL, 'danta', 21511, 'A', 'N', 'C', NULL, 0, 0, NULL, 7, '2022-04-05 06:32:25', '2022-07-27 05:38:08', NULL),
(50, '', 'chagan ji', 'bhura lal ji', '', 'be5905ef9a2705ecd62c5464ee5c734d', '9413402936', NULL, 'danta', 109011, 'A', 'N', 'C', NULL, 0, 0, NULL, 7, '2022-04-05 06:38:41', '2023-07-26 15:30:16', NULL),
(51, '', 'bhanwar', 'tulsi ram ji', '', '29c1d7a440ff405e7a3b968b239c3472', '8107844811', NULL, 'danta', 21000, 'A', 'N', 'C', NULL, 0, 0, NULL, 7, '2022-04-05 06:39:54', NULL, NULL),
(52, '', 'dalichand ji', 'vyas', '', '018514b39e06889fe008864417718c8c', '3575735700', NULL, 'danta', 5100, 'A', 'N', 'C', NULL, 0, 0, NULL, 7, '2022-04-05 06:41:13', NULL, NULL),
(53, '', 'Rameshar', 'Balu ji jat', '', '3e879ebe796f9573a8e13620641fbfe9', '7890789076', NULL, 'Danta', 15100, 'A', 'N', 'C', NULL, 0, 0, NULL, 7, '2022-04-06 09:37:58', '2022-04-07 10:03:54', NULL),
(54, '', 'Sampati bai balu ram ji', 'Bohara', '', '74c1c346d223fe9249bd8b68bc5b1026', '1234567890', NULL, 'Danta', 21000, 'A', 'N', 'C', NULL, 0, 0, NULL, 29, '2022-04-06 13:41:21', '2022-04-07 10:00:19', NULL),
(55, '', 'Jamni devi', 'Mangi lal ji vyas', '', 'bce795128d62daf411ca3fc1e2b60ba0', '1234567891', NULL, 'Danta', 11000, 'A', 'N', 'C', NULL, 0, 0, NULL, 29, '2022-04-06 13:42:46', NULL, NULL),
(56, '', 'Dalu', 'Harishchander ji', '', 'b358f77d15252376fe01860409e164f1', '9928071840', NULL, 'Danta', 51100, 'A', 'N', 'C', NULL, 0, 0, NULL, 7, '2022-04-06 16:19:10', '2022-07-18 13:17:31', NULL),
(57, '', 'Kailash', 'Pandiya', '', 'aa9f71e58335c2064c6c6ae25f677183', '4567887654', NULL, 'Danta', 21000, 'A', 'N', 'C', NULL, 0, 0, NULL, 7, '2022-04-06 18:15:04', NULL, NULL),
(58, '', 'Gram', 'Panchayat', '', 'f8d02bb0b8eae2efa607d9e684ea945c', '3456765432', NULL, 'Danta', 31000, 'A', 'N', 'C', NULL, 0, 0, NULL, 7, '2022-04-06 18:47:44', NULL, NULL),
(59, '', 'Sanwariya', 'Bheru ji vyas', '', '4575fe0dce0d22ecd9261ed5811325a2', '3453453450', NULL, 'Danta', 51111, 'A', 'N', 'C', NULL, 0, 0, NULL, 7, '2022-04-06 21:36:33', NULL, NULL),
(60, '', 'Jagdish bhim raj ji', 'Luhar', '', 'aa72e175f7b273c7b37048667b128ebf', '9413861563', NULL, 'Khepda kheda', 101111, 'A', 'N', 'C', NULL, 0, 0, NULL, 7, '2022-04-10 12:41:29', '2022-04-15 18:57:38', NULL),
(61, '', 'Balu', 'Bhoga ji kumhar', '', '6cf458aa8f8b887d1a02ad9389e8ba4c', '4567812345', NULL, 'Danta', 31111, 'A', 'N', 'C', NULL, 0, 0, NULL, 7, '2022-04-10 14:20:22', '2022-07-28 13:47:09', NULL),
(62, '', 'Suman', 'Vikash ji', '', '7d0056d86ab82c4f66e79e65480ef9e5', '9462310505', NULL, 'Bhilwara', 41251, 'A', 'N', 'C', NULL, 0, 0, NULL, 7, '2022-04-17 19:25:25', NULL, NULL),
(63, '', 'Madan', 'Shankar ji suthar', '', '277ca81d31abbdfb8cf802b5245c24de', '2345676543', NULL, 'Danta', 15101, 'A', 'N', 'C', NULL, 0, 0, NULL, 7, '2022-04-19 18:57:34', NULL, NULL),
(64, '', 'Manak chand ji', 'Dugar', '', '709f9bf5da1d2ea9a804caa14db766c6', '9414575288', NULL, 'Luhariya', 71000, 'A', 'N', 'C', NULL, 0, 0, NULL, 7, '2022-04-23 15:58:40', '2022-04-24 17:18:57', NULL),
(65, '', 'Bheru', 'Harishchandr ji', '', '7e03fc56d94e29f6d0df59fb8fe74f7b', '9929659003', NULL, 'Danta', 31000, 'A', 'N', 'C', NULL, 0, 0, NULL, 7, '2022-04-23 16:43:17', NULL, NULL),
(67, '', 'Chandu', 'Jagdish bhai sb', '', 'd259fcd2d19c8044bc8c3379fa4560df', '9079369343', NULL, 'Bhilwara', 21000, 'A', 'N', 'C', NULL, 0, 0, NULL, 7, '2022-04-23 18:50:45', NULL, NULL),
(68, '', 'Mahavir', 'Sohan ji suthar', '', '4ae91cc541aad93e68b170e5d482cabb', '5678976543', NULL, 'Danta', 5100, 'A', 'N', 'C', NULL, 0, 0, NULL, 7, '2022-04-24 17:12:15', NULL, NULL),
(69, '', 'Shankar', 'Ganesh ji bohra', '', 'efe9547962cd2f735e1a8f64af8ec0de', '4567876543', NULL, 'Danta', 2000, 'A', 'N', 'C', NULL, 0, 0, NULL, 7, '2022-04-25 17:03:44', NULL, NULL),
(71, '', 'Lokesh bhanwar ji', 'Luhar', '', 'ac983422af552fb9f2d1ed759cafef5b', '3456798765', NULL, 'Dhadhiya', 2100, 'A', 'N', 'C', NULL, 0, 0, NULL, 7, '2022-04-25 17:35:00', NULL, NULL),
(72, '', 'Ghanshyam ji', 'Joshi', '', '03340b3efc55ab68df3cc3689b7a2660', '9987654324', NULL, 'Luhariya', 21000, 'A', 'N', 'C', NULL, 0, 0, NULL, 7, '2022-04-26 18:35:21', NULL, NULL),
(73, '', 'Bheru', 'Balu bhai ji', '', '13e4cef6b31d111fb44183caebb13374', '2345654329', NULL, 'Danta', 51111, 'A', 'N', 'C', NULL, 0, 0, NULL, 7, '2022-05-01 09:45:23', NULL, NULL),
(74, '', 'Pushkar singh', 'Ganpat singh ji', '', '5ab1b6e4777bd31a8968501fba9fc073', '6375805063', NULL, 'Danta', 21000, 'A', 'N', 'C', NULL, 0, 0, NULL, 7, '2022-05-07 07:19:13', '2022-07-18 12:20:18', NULL),
(76, '', 'Bansi Harnarayan ji', 'Pandiya', '', 'cff710746b2b4b07ee566dc2eec9cb52', '4567891234', NULL, 'Danta', 53251, 'A', 'N', 'C', NULL, 0, 0, NULL, 7, '2022-05-12 15:31:07', '2022-11-03 07:22:16', NULL),
(77, '', 'Mahender sing', 'Ganpat sing ji', '', '9f38387fa13dfd2602c3684a1540800d', '2344322343', NULL, 'Danta', 21000, 'A', 'N', 'C', NULL, 0, 0, NULL, 7, '2022-05-29 19:37:05', NULL, NULL),
(78, '', 'Devkaran', 'Kanhaiya lal ji panday', '', 'b8ef6efeb038dacd21c2612444c82ac8', '8320360953', NULL, 'Danta', 71000, 'A', 'N', 'C', NULL, 0, 0, NULL, 7, '2022-07-17 13:32:50', NULL, NULL),
(79, '', 'jagdish prajapat', 'choga ji kumhar', '', '8f8fa54ebad1bff02fc0d9251243a7cc', '6376920733', NULL, 'danta', 11000, 'A', 'N', 'C', NULL, 0, 0, NULL, 7, '2022-07-18 12:13:58', '2022-07-27 17:43:58', NULL),
(80, '', 'pankaj sen', 'udayram ji sen', '', '7a8cedd90be49ffeb0da0cb8a2c52c66', '9166917980', NULL, 'danta', 11000, 'A', 'N', 'C', NULL, 0, 0, NULL, 7, '2022-07-18 12:17:10', NULL, NULL),
(81, '', 'narayan babu ji', 'sen', '', '90bcb01c1004e477cdbafd2b93ec2491', '9024814649', NULL, 'danta', 6100, 'A', 'N', 'C', NULL, 0, 0, NULL, 7, '2022-07-18 15:22:06', NULL, NULL),
(82, '', 'rajesh', 'balu ji bohra', '', '42ae163f6ef1003aef6a103caade5a3f', '0000000000', NULL, 'danta', 5100, 'A', 'N', 'C', NULL, 0, 0, NULL, 7, '2022-07-18 15:46:47', NULL, NULL),
(83, '', 'ladu lal', 'sohan ji purohit', '', '35e5f54957e68f96a6f166a379f3f88c', '7567595019', NULL, 'danta', 55551, 'A', 'N', 'C', NULL, 0, 0, NULL, 7, '2022-07-22 07:02:41', NULL, NULL),
(84, '', 'bhanwar bhai', 'sohan ji purohit', '', 'b8bc932ba9c1f85cd64812d5539b8618', '9904073282', NULL, 'danta', 111111, 'A', 'N', 'C', NULL, 0, 0, NULL, 7, '2022-07-23 05:52:45', NULL, NULL),
(85, '', 'satu bhai', 'sohan ji purohit', '', 'e22553a9cf8b8ed6bc68ef238e5c241c', '8780098239', NULL, 'danta', 55555, 'A', 'N', 'C', NULL, 0, 0, NULL, 7, '2022-07-25 06:57:40', '2022-11-09 09:03:03', NULL),
(86, '', 'prem shankar', 'radhe shyam ganesh kaka ji', '', 'ea25082e637aaff90a10964f37c3a0ba', '7742860800', NULL, 'danta', 51150, 'A', 'N', 'C', NULL, 0, 0, NULL, 7, '2022-07-26 05:57:18', '2022-08-30 22:19:28', NULL),
(87, '', 'kanhaiya lal', 'udayram ji suthar', '', '2b0758a037acd19d5f074aa4c4a5f08f', '9825745492', NULL, 'danta', 21021, 'A', 'N', 'C', NULL, 0, 0, NULL, 7, '2022-07-26 17:24:46', NULL, NULL),
(88, '', 'ramswarup jat', 'bhanwar ji jat', '', '41f8da5876d690f330823f2fb4d49696', '8112286330', NULL, 'danta', 11111, 'A', 'N', 'C', NULL, 0, 0, NULL, 7, '2022-07-27 15:33:10', NULL, NULL),
(89, '', 'bheru', 'gangaram ji jat', '', 'c49d7e9a175a49ea0ca16bdd5ed99272', '8000110760', NULL, 'danta', 51151, 'A', 'N', 'C', NULL, 0, 0, NULL, 7, '2022-07-27 15:39:58', NULL, NULL),
(90, '', 'shantilal', 'satu vyas', '', '72fdc40b608177afdc1a111256144723', '8306341730', NULL, 'danta', 11111, 'A', 'N', 'C', NULL, 0, 0, NULL, 7, '2022-07-27 16:06:49', NULL, NULL),
(91, '', 'bhagirath ji', 'gordhan ji purohit', '', '3041a205e40af1d05a87149061bfc758', '7354950851', NULL, 'danta', 11111, 'A', 'N', 'C', NULL, 0, 0, NULL, 7, '2022-07-27 16:21:17', NULL, NULL),
(92, '', 'rajesh shyam ji', 'ridhi shidhi sweet', '', 'a9ff5f8dd74278a42c50202c1242ae24', '9685695847', NULL, 'danta', 51000, 'A', 'N', 'C', NULL, 0, 0, NULL, 7, '2022-07-27 17:10:35', '2022-07-28 13:45:53', NULL),
(93, '', 'gopal', 'jagnath ji purohit', '', '2ab662c8f022409ce6885961c844bc72', '9928436226', NULL, 'danta', 31111, 'A', 'N', 'C', NULL, 0, 0, NULL, 7, '2022-07-28 06:44:26', NULL, NULL),
(94, '', 'banshi lal', 'harnarayan ji jat', '', 'a1e4f4191ee500350554921cc0a261a0', '9829786838', NULL, 'danta', 21000, 'A', 'N', 'C', NULL, 0, 0, NULL, 7, '2022-07-28 06:51:09', '2022-12-06 10:10:54', NULL),
(95, '', 'bhanwar  ji', 'choga ji gadri', '', '8bed4527b092eacc9a2089a2241f3e69', '3216548523', NULL, 'danta', 21000, 'A', 'N', 'C', NULL, 0, 0, NULL, 7, '2022-08-19 05:36:04', NULL, NULL),
(96, '', 'Prem sukh', 'Gokal ji bohra', '', '84e7931f6f544ddb39083ddf4c789988', '9427793681', NULL, 'Danta', 21151, 'A', 'N', 'C', NULL, 0, 0, NULL, 7, '2022-08-19 10:51:13', '2022-08-19 10:58:22', NULL),
(97, '', 'Leela dhar', 'Panna ji bohra', '', 'ceee43639e9ace9ef691617439449a8f', '4565676789', NULL, 'Danta', 21111, 'A', 'N', 'C', NULL, 0, 0, NULL, 7, '2022-09-21 15:10:13', NULL, NULL),
(98, '', 'Badri lal', 'Ranchod ji purohit', '', '1a21bc4769d77569eaca7f51092e1787', '3453217890', NULL, 'Danta', 51150, 'A', 'N', 'C', NULL, 0, 0, NULL, 7, '2022-10-18 21:11:22', '2022-12-06 05:34:29', NULL),
(99, '', 'Visnu', 'Jagnath ji purohit', '', 'dde6ee82e81d7eae28bc44e0f6119aac', '5672355432', NULL, 'Danta', 111111, 'A', 'N', 'C', NULL, 0, 0, NULL, 7, '2022-10-18 21:12:44', '2022-10-18 21:15:11', NULL),
(100, '', 'Hardev ji', 'Shankar lal ji purohit', '', '783552f110bb0cdfcf090acd1ea38041', '4561239090', NULL, 'Danta', 11111, 'A', 'N', 'C', NULL, 0, 0, NULL, 7, '2022-10-21 06:00:27', NULL, NULL),
(101, '', 'Leeladhar', 'Kanhaiya lal ji purohit', '', 'ccd40ac8efd1a7de68c1a28b678fe090', '8900778909', NULL, 'Danta', 5100, 'A', 'N', 'C', NULL, 0, 0, NULL, 7, '2022-10-21 06:03:45', NULL, NULL),
(102, '', 'Devi lal ji', 'Sohan ji purohit', '', '75c2319fc6ba9592ba00a91850c158db', '9799287727', NULL, 'Danta', 100011, 'A', 'N', 'C', NULL, 0, 0, NULL, 7, '2022-10-21 06:05:59', NULL, NULL),
(103, '', 'Shoba lal ji', 'Hajari ji suthar', '', '4061951f65b68d687e3e279753d50f1f', '9001774677', NULL, 'Danta', 41151, 'A', 'N', 'C', NULL, 0, 0, NULL, 7, '2022-11-03 07:24:50', '2022-11-09 09:17:48', NULL),
(104, '', 'Jagdish ji', 'Shankar lal ji panday', '', 'f9e73782efc0e485527091e168b6333a', '9876543890', NULL, 'Danta', 51151, 'A', 'N', 'C', NULL, 0, 0, NULL, 7, '2022-11-03 07:32:21', NULL, NULL),
(105, '', 'kalu', 'balu ram ji bohra', '', 'ddcc93a355a030d10171ccdbd905e018', '3563258961', NULL, 'danta', 21000, 'A', 'N', 'C', NULL, 0, 0, NULL, 7, '2022-11-09 08:23:46', NULL, NULL),
(106, '', 'bajrang', 'shound', '', '3c71a155a6512ba5e35b364f2dc7acc0', '1235698563', NULL, 'danta', 2100, 'A', 'N', 'C', NULL, 0, 0, NULL, 7, '2022-11-09 08:29:49', NULL, NULL),
(107, '', 'balu ram', 'ranchod ji purohit', '', 'a8909c8beeddd17678805b63365a8740', '9784731651', NULL, 'danta', 31151, 'A', 'N', 'C', NULL, 0, 0, NULL, 7, '2022-11-09 09:16:01', NULL, NULL),
(108, '', 'gopal dinesh', 'jagdish bhai sab', '', '2e5fe5b163bc6000f4e342a772ae2c39', '7014961309', NULL, 'danta  shambu pura', 11000, 'A', 'N', 'C', NULL, 0, 0, NULL, 7, '2022-12-19 16:34:04', NULL, NULL),
(110, '', 'bheru lal ji', 'javahar ji daroga', '', 'c904d63ffd6929ed31ebdf9b85e9d95f', '3578965435', NULL, 'danta', 5100, 'A', 'N', 'C', NULL, 0, 0, NULL, 7, '2023-01-18 07:36:41', NULL, NULL),
(111, '', 'gopal ghisha ji', 'bohara', '', 'a6430f79c761a32f8f5d97226cae6564', '1239635784', NULL, 'danta', 5100, 'A', 'N', 'C', NULL, 0, 0, NULL, 7, '2023-03-18 17:39:32', NULL, NULL),
(112, '', 'kashi lal', 'kanhailal purohit', '', 'a6359a1db40d54c83ac82c4453cf0d03', '1239687456', NULL, 'danta', 5100, 'A', 'N', 'C', NULL, 0, 0, NULL, 7, '2023-03-18 17:41:50', NULL, NULL),
(113, '', 'bhagwan kanakmal ji', 'purohit', '', 'aec562bbd87ba5e3cd9e734110f425e3', '8745987563', NULL, 'danta', 5100, 'A', 'N', 'C', NULL, 0, 0, NULL, 7, '2023-03-18 17:44:12', NULL, NULL),
(114, '', 'madan ji', 'shankar ji panday', '', '8d10670cd63b0b0bb9e5832f990d8b3e', '2365789541', NULL, 'danta', 5100, 'A', 'N', 'C', NULL, 0, 0, NULL, 7, '2023-03-18 18:08:26', NULL, NULL),
(115, '', 'vishnu madan ji', 'pandaya', '', '62a25bccee95c0f0604357fa1c97ba5f', '1237896541', NULL, 'danta', 2100, 'A', 'N', 'C', NULL, 0, 0, NULL, 7, '2023-03-18 18:14:10', NULL, NULL),
(116, '', 'jay bairath maining', 'company', '', '366306d8e0c0faa6667abfc3c4decbf2', '1258965412', NULL, 'thob ka kheda', 111111, 'A', 'N', 'C', NULL, 0, 0, NULL, 7, '2023-03-22 07:38:58', NULL, NULL),
(117, '', 'gopal', 'ramchander ji purohit', '', '4fb91b7f6f56b15fa35388b567e6fe17', '9229848108', NULL, 'bhilwara danta', 51101, 'A', 'N', 'C', NULL, 0, 0, NULL, 7, '2023-03-24 07:01:20', NULL, NULL),
(118, '', 'bajrang floor mills', 'satyanaryan ji', '', 'a4c127072e4487d46f26c1a730993914', '9414115225', NULL, 'bhilwara', 101111, 'A', 'N', 'C', NULL, 0, 0, NULL, 7, '2023-03-24 07:08:13', NULL, NULL),
(119, '', 'pani bai', 'doulat ram ji', '', 'd4763081d6f689cdf72db23fd5cb43b2', '9414616872', NULL, 'danta', 25100, 'A', 'N', 'C', NULL, 0, 0, NULL, 7, '2023-04-26 17:19:42', NULL, NULL),
(121, '', 'Manish', 'Soni', '', '44c2b2921a29baad2d046dcf0d9b5775', '9460966996', NULL, 'Bhilwara', 100, 'A', 'N', 'S', NULL, 0, 0, NULL, 1, '2023-09-27 15:21:37', '2023-09-27 15:24:08', NULL);

-- --------------------------------------------------------

--
-- Table structure for table `app_causes`
--

DROP TABLE IF EXISTS `app_causes`;
CREATE TABLE IF NOT EXISTS `app_causes` (
  `id` int NOT NULL AUTO_INCREMENT,
  `title` varchar(255) NOT NULL,
  `description` text NOT NULL,
  `image` varchar(255) NOT NULL,
  `target_amount` decimal(18,2) NOT NULL DEFAULT '0.00',
  `received_amount` decimal(18,2) NOT NULL,
  `status` enum('A','I','E','C') NOT NULL DEFAULT 'A' COMMENT 'A: Active, I: Inactive, E:Expire, C: Completed',
  `created_by` int NOT NULL,
  `created_on` datetime DEFAULT NULL,
  PRIMARY KEY (`id`)
) ENGINE=InnoDB DEFAULT CHARSET=utf8mb3;

-- --------------------------------------------------------

--
-- Table structure for table `app_cause_donation`
--

DROP TABLE IF EXISTS `app_cause_donation`;
CREATE TABLE IF NOT EXISTS `app_cause_donation` (
  `id` int NOT NULL AUTO_INCREMENT,
  `first_name` varchar(255) NOT NULL,
  `last_name` varchar(255) NOT NULL,
  `email` varchar(255) NOT NULL,
  `phone` varchar(100) DEFAULT NULL,
  `city` varchar(255) DEFAULT NULL,
  `donator_id` int NOT NULL DEFAULT '0',
  `amount` decimal(18,2) NOT NULL,
  `type` enum('CA','CQ','S','P') NOT NULL DEFAULT 'CA',
  `status` enum('S','P','F') NOT NULL DEFAULT 'P',
  `online_transaction_details` text NOT NULL,
  `cause_id` int NOT NULL DEFAULT '0',
  `created_on` datetime DEFAULT NULL,
  PRIMARY KEY (`id`)
) ENGINE=InnoDB DEFAULT CHARSET=utf8mb3;

-- --------------------------------------------------------

--
-- Table structure for table `app_cms_page`
--

DROP TABLE IF EXISTS `app_cms_page`;
CREATE TABLE IF NOT EXISTS `app_cms_page` (
  `id` int NOT NULL AUTO_INCREMENT,
  `title` varchar(255) CHARACTER SET utf8mb3 COLLATE utf8mb3_general_ci NOT NULL,
  `description` text CHARACTER SET utf8mb3 COLLATE utf8mb3_general_ci NOT NULL,
  `status` enum('A','I') NOT NULL DEFAULT 'A' COMMENT 'A=Active,I=Inactive',
  `code` varchar(50) NOT NULL,
  `created_on` datetime DEFAULT NULL,
  PRIMARY KEY (`id`)
) ENGINE=MyISAM AUTO_INCREMENT=7 DEFAULT CHARSET=latin1;

--
-- Dumping data for table `app_cms_page`
--

INSERT INTO `app_cms_page` (`id`, `title`, `description`, `status`, `code`, `created_on`) VALUES
(1, 'Privacy Policy', '<h6>Privacy Policy<br><br>Welcome to donately!<br><br>By using the donately Platform, you agree to this policy. By \"Platform\" we mean a set of APIs, SDKs, plugins, code, specifications, documentation, technology, and services (such as content) that enable others, including application developers and website operators, to retrieve data from donately or provide data to us. We reserve the right to change this policy at any time without notice, so please check it regularly. Your continued use of the donately Platform constitutes acceptance of any changes. You also agree to and are responsible for ensuring that you comply with the donately Terms of Use and donately Community Guidelines.</h6><h2 id=\"what-is-a-privacy-policy\" xss=\"removed\"><br></h2>', 'A', 'privacy', '2020-04-26 14:09:45'),
(2, 'Terms and Condition', '<h6 xss=removed>Terms of Use</h6><h6 xss=removed><br>Welcome to donately!<br></h6><h6 xss=removed>These Terms of Use govern your use of donately</h6>', 'A', 'terms', '2020-04-26 14:09:59');

-- --------------------------------------------------------

--
-- Table structure for table `app_contact_us`
--

DROP TABLE IF EXISTS `app_contact_us`;
CREATE TABLE IF NOT EXISTS `app_contact_us` (
  `id` int NOT NULL AUTO_INCREMENT,
  `name` varchar(255) NOT NULL,
  `email` varchar(255) NOT NULL,
  `subject` varchar(255) NOT NULL,
  `message` text NOT NULL,
  `is_reply` enum('Y','N') CHARACTER SET latin1 COLLATE latin1_swedish_ci NOT NULL DEFAULT 'N' COMMENT 'Y: Yes, N: No',
  `created_date` datetime NOT NULL,
  PRIMARY KEY (`id`)
) ENGINE=InnoDB DEFAULT CHARSET=utf8mb3;

-- --------------------------------------------------------

--
-- Table structure for table `app_content`
--

DROP TABLE IF EXISTS `app_content`;
CREATE TABLE IF NOT EXISTS `app_content` (
  `id` int NOT NULL AUTO_INCREMENT,
  `title` varchar(255) NOT NULL,
  `image` varchar(255) NOT NULL,
  `details` text NOT NULL,
  PRIMARY KEY (`id`),
  UNIQUE KEY `title` (`title`)
) ENGINE=InnoDB AUTO_INCREMENT=22 DEFAULT CHARSET=utf8mb3;

--
-- Dumping data for table `app_content`
--

INSERT INTO `app_content` (`id`, `title`, `image`, `details`) VALUES
(1, 'about', '', '[\"Welcome to Welfare Stablished Since 1898\",\"The Big Oxmox advised her not to do so, because there were thousands of bad Commas, wild Question Marks and devious Semikoli, but the Little Blind Text didn\\u2019t listen. She packed her seven versalia, put her initial into the belt and made herself on the way.\",\"On her way she met a copy. The copy warned the Little Blind Text, that where it came from it would have been rewritten a thousand times and everything that was left from its origin would be the word \\\"and\\\" and the Little Blind Text should turn around and return to its own, safe country. But nothing the copy said could convince her and so it didn\\u2019t take long until a few insidious Copy Writers ambushed her, made her drunk with Longe and Parole and dragged her into their agency, where they abused her for their.\\r\\n\\r\\nOn her way she met a copy. The copy warned the Little Blind Text, that where it came from it would have been rewritten a thousand times and everything that was left from its origin would be the word \\\"and\\\" and the Little Blind Text should turn around and return to its own, safe country. But nothing the copy said could convince her and so it didn\\u2019t take long until a few insidious Copy Writers ambushed her, made her drunk with Longe and Parole and dragged her into their agency, where they abused her for their.\\r\\n\\r\\nOn her way she met a copy. The copy warned the Little Blind Text, that where it came from it would have been rewritten a thousand times and everything that was left from its origin would be the word \\\"and\\\" and the Little Blind Text should turn around and return to its own, safe country. But nothing the copy said could convince her and so it didn\\u2019t take long until a few insidious Copy Writers ambushed her, made her drunk with Longe and Parole and dragged her into their agency, where they abused her for their.\"]'),
(3, 'home_content_title', '', '[\"Make Donation Me\",\"Make World Happy\",\"Sponsorship\"]'),
(4, 'home_content_description', '', '[\"Lorem ipsum dolor amet, consectetur amet adipiscing elit, sed do eiusmod incididunt labore dolore.\",\"Lorem ipsum dolor amet, consectetur amet adipiscing elit, sed do eiusmod incididunt labore dolore.\",\"Lorem ipsum dolor amet, consectetur amet adipiscing elit, sed do eiusmod incididunt labore dolore.\"]'),
(5, 'video_link', '', 'https://www.youtube.com/watch?v=Y6gJHBoGiYM'),
(6, 'home_slogan', '', 'Bringing Smiles to Millions!'),
(7, 'home_background', '5e15c04752816.php', ''),
(8, 'about_us_background', '', ''),
(9, 'team_background', '', ''),
(10, 'causes_background', '', ''),
(11, 'news_background', '', ''),
(12, 'gallery_background', '', ''),
(13, 'contact_us_background', '', ''),
(14, 'donation_background', '', ''),
(15, 'is_breadcrumb_enabled', '', 'N'),
(16, 'seo_keyword', '', 'SEO Keyword-1'),
(17, 'google_analytics', '', 'Google Analytics Code'),
(18, 'seo_description', '', 'SEO Description-2'),
(19, 'event_background', '', ''),
(20, 'project_background', '', ''),
(21, 'comment_project_id', '', '');

-- --------------------------------------------------------

--
-- Table structure for table `app_currency`
--

DROP TABLE IF EXISTS `app_currency`;
CREATE TABLE IF NOT EXISTS `app_currency` (
  `id` int NOT NULL AUTO_INCREMENT,
  `title` varchar(100) NOT NULL,
  `code` varchar(100) NOT NULL,
  `currency_code` varchar(100) NOT NULL,
  `stripe_supported` enum('Y','N') NOT NULL DEFAULT 'N' COMMENT 'Y: Yes, N: No',
  `razorpay_supported` enum('Y','N') NOT NULL DEFAULT 'N' COMMENT 'Y: Yes, N: No',
  `paypal_supported` enum('Y','N') NOT NULL DEFAULT 'N' COMMENT 'Y: Yes, N: No	',
  `display_status` enum('A','I') NOT NULL DEFAULT 'I' COMMENT 'A: Active, I: Inactive',
  `status` enum('A','I') NOT NULL DEFAULT 'A' COMMENT 'A: Active, I: Inactive',
  PRIMARY KEY (`id`)
) ENGINE=InnoDB AUTO_INCREMENT=2 DEFAULT CHARSET=utf8mb3;

--
-- Dumping data for table `app_currency`
--

INSERT INTO `app_currency` (`id`, `title`, `code`, `currency_code`, `stripe_supported`, `razorpay_supported`, `paypal_supported`, `display_status`, `status`) VALUES
(1, 'Indian Rupees', 'INR', '&#8377;', 'Y', 'N', 'Y', 'A', 'A');

-- --------------------------------------------------------

--
-- Table structure for table `app_donation`
--

DROP TABLE IF EXISTS `app_donation`;
CREATE TABLE IF NOT EXISTS `app_donation` (
  `id` int NOT NULL AUTO_INCREMENT,
  `txn_id` varchar(200) NOT NULL,
  `ref_no` varchar(50) NOT NULL,
  `first_name` varchar(255) NOT NULL,
  `last_name` varchar(255) NOT NULL,
  `email` varchar(255) NOT NULL,
  `phone` varchar(100) DEFAULT NULL,
  `city` varchar(255) DEFAULT NULL,
  `donator_id` int NOT NULL DEFAULT '0',
  `amount` decimal(18,2) NOT NULL,
  `type` varchar(20) NOT NULL,
  `cheque_no` varchar(255) NOT NULL DEFAULT '0',
  `online_transaction_details` text NOT NULL,
  `category_id` int NOT NULL DEFAULT '0',
  `account_id` int NOT NULL,
  `details` varchar(200) NOT NULL,
  `created_by` int NOT NULL,
  `created_on` datetime DEFAULT NULL,
  `date` date NOT NULL,
  PRIMARY KEY (`id`)
) ENGINE=InnoDB AUTO_INCREMENT=552 DEFAULT CHARSET=utf8mb3;

--
-- Dumping data for table `app_donation`
--

INSERT INTO `app_donation` (`id`, `txn_id`, `ref_no`, `first_name`, `last_name`, `email`, `phone`, `city`, `donator_id`, `amount`, `type`, `cheque_no`, `online_transaction_details`, `category_id`, `account_id`, `details`, `created_by`, `created_on`, `date`) VALUES
(1, '7_6247faf18e8a8', '', 'ladu lal ji khem raj ji', 'Purohit', '', '1234512345', 'Danta', 24, '150000.00', 'CASH', '0', '', 1, 4, '', 7, '2022-04-02 12:57:45', '2022-04-02'),
(2, '7_6247fbdeef484', '', 'shankar babu ji', 'sharma', '', '9414292172', 'danta', 20, '51000.00', 'CASH', '0', '', 1, 4, '', 7, '2022-04-02 13:01:42', '2022-04-02'),
(3, '7_6247fc7977b88', '80', 'Ram niwas shyam compounder', 'Sharma', 'whomanishsoni@gmail.com', '9413555613', 'Bhilwara', 1, '91000.00', 'CASH', '0', '', 1, 2, 'Parikarma hetu 7 fit jagah', 7, '2022-04-02 13:04:17', '2022-04-02'),
(4, '7_6247fd1d890df', '', 'Chandi bai', 'Gopi lal ji purohit', '', '', 'Danta', 0, '11000.00', 'CASH', '0', '', 1, 2, '', 7, '2022-04-02 13:07:01', '2022-04-02'),
(5, '7_62484d2d8b606', '85', 'Shyam ji', 'badri basa', '', '9829087985', 'Bhilwara', 25, '111111.00', 'CASH', '0', '', 1, 4, '', 7, '2022-04-02 18:48:37', '2022-04-02'),
(6, '7_6248899119c82', '55', 'Kashi lal ji', 'Ganesh ji purohit', '', '1234567856', 'Bhilwara', 27, '10000.00', 'CASH', '0', '', 1, 4, '', 7, '2022-04-02 23:06:17', '2022-04-02'),
(8, '7_624b0045c99ac', 'na', 'gopi lal ji', 'sharma', '', '1234554321', 'mandal', 0, '1100.00', 'CASH', '0', '', 1, 2, '', 7, '2022-04-04 19:57:17', '2022-04-02'),
(9, '7_624b0c35a0ee8', 'na', 'member', 'shulk', '', '1212121212', 'danta', 0, '137800.00', 'CASH', '0', '', 1, 2, 'rs 1100* 117ghar+gupt dan', 7, '2022-04-04 20:48:13', '2022-04-02'),
(10, '7_624b0d25d3ab9', 'na', 'satu', 'ganesh kaka ji', '', '0000000000', 'danta', 0, '1100.00', 'CASH', '0', '', 1, 2, '', 7, '2022-04-04 20:52:13', '2022-04-02'),
(11, '7_624b0d6f4a33b', 'na', 'jagdish', 'mangi lal ji', '', '0000000000', 'danta', 0, '1100.00', 'CASH', '0', '', 1, 2, '', 7, '2022-04-04 20:53:27', '2022-04-02'),
(12, '7_624b0db52e3e8', 'na', 'rameshar', 'balu ji jat', '', '0000000000', 'danta', 0, '1100.00', 'CASH', '0', '', 1, 2, '', 7, '2022-04-04 20:54:37', '2022-04-02'),
(13, '7_624b0e0fe1e9b', 'na', 'bhanwar ji', 'tiwadi', '', '0000000000', 'na', 0, '1100.00', 'CASH', '0', '', 1, 2, '', 7, '2022-04-04 20:56:07', '2022-04-02'),
(14, '7_624b0e5bddc8e', 'na', 'gupt', 'dan', '', '0000000000', 'danta', 0, '1001.00', 'CASH', '0', '', 1, 2, '', 7, '2022-04-04 20:57:23', '2022-04-02'),
(15, '7_624b0ea00f175', 'na', 'vishnu', 'ji', '', '0000000000', 'mandal', 0, '1100.00', 'CASH', '0', '', 1, 2, '', 7, '2022-04-04 20:58:32', '2022-04-02'),
(16, '7_624b0edd6193f', 'na', 'chaturbhuj', 'ji', '', '0000000000', 'ram gadh', 0, '200.00', 'CASH', '0', '', 1, 2, '', 7, '2022-04-04 20:59:33', '2022-04-02'),
(17, '7_624b0fe8a4fa7', '69', 'rajaram', 'laxmi narayan sharma', '', '9461215004', 'danta', 30, '5100.00', 'CASH', '0', '', 1, 2, 'mistri ji ko sai', 7, '2022-04-04 21:04:00', '2022-04-02'),
(18, '7_624b108a5a287', '82', 'mangi lal ji', 'tulsi ram ji purohit', '', '9928108368', 'Danta', 17, '125000.00', 'CHEQUE', '0', '', 1, 5, '', 7, '2022-04-04 21:06:42', '2022-04-04'),
(19, '7_624b117f16d41', '75', 'bal kishan ji', 'heera lal ji sharma', '', '0000000000', 'thabola', 0, '2100.00', 'CASH', '0', '', 1, 2, '', 7, '2022-04-04 21:10:47', '2022-04-02'),
(20, '7_624b11c626163', '74', 'ramdev', 'steels', '', '9828155982', 'bhilwara', 0, '1100.00', 'CASH', '0', '', 1, 2, '', 7, '2022-04-04 21:11:58', '2022-04-02'),
(21, '7_624b1241a6536', '73', 'rampal', 'bheru ji sharma', '', '9571068237', 'danta', 31, '11100.00', 'CASH', '0', '', 1, 2, '', 7, '2022-04-04 21:14:01', '2022-04-02'),
(23, '7_624b135a97d14', '84', 'ladu lal', 'harnarayan ji jat', '', '9529699545', 'danta', 32, '40100.00', 'CASH', '0', '', 1, 2, '', 7, '2022-04-04 21:18:42', '2022-04-02'),
(24, '7_624b1726c247a', '84', 'ladu lal', 'harnarayan ji jat', '', '9529699545', 'danta', 32, '11000.00', 'CHEQUE', '0', '', 1, 5, '', 7, '2022-04-04 21:34:54', '2022-04-02'),
(25, '7_624b18410327d', 'na', 'gopi ji', 'jat', '', '0000000000', 'danta', 0, '1100.00', 'CASH', '0', '', 1, 4, '', 7, '2022-04-04 21:39:37', '2022-04-02'),
(26, '7_624b18ddc6d02', '54', 'udayram ji', 'sen', '', '0000000000', 'danta', 0, '1100.00', 'CASH', '0', '', 1, 4, '', 7, '2022-04-04 21:42:13', '2022-04-02'),
(27, '7_624b1976635fb', 'na', 'ganesh ji', 'tiwadi', '', '0000000000', 'na', 0, '1100.00', 'CASH', '0', '', 1, 4, '', 7, '2022-04-04 21:44:46', '2022-04-02'),
(28, '7_624b1b0748650', '152', 'Prlad ji', 'Ganesh ji purohit', '', '9413270559', 'Danta', 26, '111111.00', 'CHEQUE', '0', '', 1, 5, '', 7, '2022-04-04 21:51:27', '2022-04-02'),
(30, '7_624b1c859e764', 'na', 'jagdish', 'karigar', '', '0000000000', 'danta', 0, '1100.00', 'CASH', '0', '', 1, 4, '', 7, '2022-04-04 21:57:49', '2022-04-02'),
(31, '7_624b1ce063034', 'na', 'bhanwar ji', 'sharma', '', '0000000000', 'kaliyas', 0, '1100.00', 'CASH', '0', '', 1, 4, '', 7, '2022-04-04 21:59:20', '2022-04-04'),
(32, '7_624b1d2fc13c0', 'na', 'gopi ji', 'tadba', '', '0000000000', 'mandal', 0, '1100.00', 'CASH', '0', '', 1, 4, '', 7, '2022-04-04 22:00:39', '2022-04-02'),
(33, '7_624b1d965a89d', '86', 'laxmi narayan ji', 'pandiya', '', '9414617023', 'mandal', 0, '21000.00', 'CASH', '0', '', 1, 4, '', 7, '2022-04-04 22:02:22', '2022-04-02'),
(34, '7_624b1e0116e98', '61', 'jitu ji', 'gujar', '', '9462105200', 'bhilwara', 0, '200.00', 'CASH', '0', '', 1, 4, '', 7, '2022-04-04 22:04:09', '2022-04-02'),
(35, '7_624b24e277a21', '59', 'mahavir', 'balu ji sharma', '', '1233211233', 'danta', 33, '51000.00', 'CHEQUE', '0', '', 1, 5, '', 7, '2022-04-04 22:33:30', '2022-04-02'),
(40, '7_624cde67d53b1', 'na', 'shyam lal', 'compounder', '', '9460966575', 'jorapura', 7, '851000.00', 'CASH', '0', '', 1, 4, '', 7, '2022-04-06 05:57:19', '2022-04-02'),
(41, '7_624cdfd8ee495', 'na', 'shyam lal', 'compounder', '', '9460966575', 'jorapura', 7, '149000.00', 'CASH', '0', '', 1, 1, '', 7, '2022-04-06 06:03:28', '2022-04-02'),
(42, '29_624d4d7267f22', '68', 'murly', 'rameshar ji sharma', '', '8890726679', 'danta', 44, '21000.00', 'CASH', '0', '', 1, 4, '', 29, '2022-04-06 13:51:06', '2022-04-06'),
(43, '29_624d4e680a023', '153', 'laxmi narayan', 'sohan ji purohit', '', '9983535216', 'Danta', 0, '2100.00', 'CASH', '0', '', 1, 4, '', 29, '2022-04-06 13:55:12', '2022-04-05'),
(44, '7_624d8b83a61fb', '', 'Kailash', 'Pandiya', '', '4567887654', 'Danta', 57, '21000.00', 'CHEQUE', '0', '', 1, 5, '', 7, '2022-04-06 18:15:55', '2022-04-06'),
(45, '7_624d934f12745', '', 'Gram', 'Panchayat', '', '3456765432', 'Danta', 58, '31000.00', 'CASH', '0', '', 1, 4, '', 7, '2022-04-06 18:49:11', '2022-04-06'),
(46, '7_625104c418d6f', '154', 'Kashi lal ji', 'Ganesh ji purohit', '', '9461025633', 'Bhilwara', 27, '30000.00', 'CASH', '0', '', 1, 4, '', 7, '2022-04-09 09:30:04', '2022-04-08'),
(47, '7_6251064618178', '157', 'Sumitra', 'Dinesh ji pawana', '', '9001873574', 'Dhunwala', 0, '11000.00', 'CASH', '0', '', 1, 4, '', 7, '2022-04-09 09:36:30', '2022-04-09'),
(48, '7_62528373b750b', '87', 'Jagdish bhim raj ji', 'Luhar', '', '9413861563', 'Khepda kheda', 60, '1111.00', 'CASH', '0', '', 1, 2, '', 7, '2022-04-10 12:42:51', '2022-04-10'),
(49, '29_625821f5d406b', '70', 'prem lal', 'mohan ji suthar', '', '9983109646', 'danta', 40, '21000.00', 'CASH', '0', '', 1, 2, '', 29, '2022-04-14 19:00:29', '2022-04-14'),
(50, '7_625831f957a1b', '88', 'Jagdish', 'Choth mal ji sharma', '', '6789987656', 'Dhunwala', 0, '1100.00', 'CASH', '0', '', 1, 2, '', 7, '2022-04-14 20:08:49', '2022-04-14'),
(52, '7_625c1c9a3fed0', '', 'Suman', 'Vikash ji', '', '9462310505', 'Bhilwara', 62, '41251.00', 'ONLINE', '0', '', 1, 5, '', 7, '2022-04-17 19:26:42', '2022-04-17'),
(53, '7_625eadb3c16e6', '158', 'Jagdish', 'Balu ji vyas', '', '4567876543', 'Thabola', 0, '1100.00', 'CASH', '0', '', 1, 4, '', 7, '2022-04-19 18:10:19', '2022-04-19'),
(54, '7_625eb91e50f68', '67', 'Madan lal', 'Shankar ji suthar', '', '2345676543', 'Danta', 63, '15101.00', 'ONLINE', '0', '', 1, 5, '', 7, '2022-04-19 18:59:02', '2022-04-19'),
(55, '7_62615d0eb3c00', '69', 'rajaram', 'laxmi narayan sharma', '', '9461215004', 'danta', 30, '10000.00', 'CASH', '0', '', 1, 4, '', 7, '2022-04-21 19:03:02', '2022-04-21'),
(56, '7_6262216dd80fd', 'No', 'chagan ji', 'bhura lal ji', '', '9413402936', 'danta', 50, '95011.00', 'CASH', '0', '', 1, 4, '', 7, '2022-04-22 09:00:53', '2022-04-22'),
(57, '7_6263d528cab55', '161', 'Manak chand ji', 'Dugar', '', '9414575288', 'Luhariya', 64, '21000.00', 'CASH', '0', '', 1, 4, '', 7, '2022-04-23 16:00:00', '2022-04-23'),
(58, '7_6263fd7726e7f', '166', 'Chandu', 'Jagdish bhai sb', '', '9079369343', 'Bhilwara', 67, '21000.00', 'ONLINE', '0', '', 1, 5, '', 7, '2022-04-23 18:51:59', '2022-04-23'),
(59, '7_62653720e64e7', '71', 'Kishan ji', 'Shankar ji suthar', '', '9928887860', 'Boriya pura', 0, '1100.00', 'CASH', '0', '', 1, 5, '', 7, '2022-04-24 17:10:16', '2022-04-23'),
(60, '7_626537f783d77', '66', 'Mahavir', 'Sohan ji suthar', '', '5678976543', 'Danta', 68, '5100.00', 'CASH', '0', '', 1, 4, '', 7, '2022-04-24 17:13:51', '2022-04-23'),
(61, '7_6266862d35be2', '', 'Gupt', 'Dan', '', '2345678765', 'No', 0, '1000.00', 'CASH', '0', '', 1, 4, '', 7, '2022-04-25 16:59:49', '2022-04-25'),
(62, '7_6266874f0cb4b', '156', 'Shankar', 'Ganesh ji bohra', '', '4567876543', 'Danta', 69, '2000.00', 'CASH', '0', '', 1, 4, '', 7, '2022-04-25 17:04:39', '2022-04-25'),
(64, '7_626688af8d69a', '165', 'Prlad', 'Bhanwar ji pandiya', '', '9799458960', 'Thabola', 0, '2100.00', 'CASH', '0', '', 1, 4, '', 7, '2022-04-25 17:10:31', '2022-04-23'),
(65, '7_62668e9fd8701', '', 'Lokesh bhanwar ji', 'Luhar', '', '3456798765', 'Dhadhiya', 71, '2100.00', 'CASH', '0', '', 1, 2, '', 7, '2022-04-25 17:35:51', '2022-04-25'),
(66, '7_62668f27bd07c', '89', 'Madan ji', 'Suthar', '', '6789009876', 'Luhariya', 0, '500.00', 'CASH', '0', '', 1, 2, '', 7, '2022-04-25 17:38:07', '2022-04-25'),
(67, '7_62668fba5bd63', '', 'Balaji juce', 'Centre', '', '6543212345', 'Danta', 0, '1100.00', 'CASH', '0', '', 1, 2, 'rajaram satu sharma', 7, '2022-04-25 17:40:34', '2022-04-25'),
(69, '7_6266ad8ddae7d', '167', 'Shyam ji', 'Soni', '', '9414575860', 'Luhariya', 0, '51000.00', 'CASH', '0', '', 1, 4, '', 7, '2022-04-25 19:47:49', '2022-04-25'),
(70, '7_6267ed76cef31', 'No', 'Gupt', 'Dan', '', '5678909876', 'No', 0, '5800.00', 'CASH', '0', '', 1, 2, '', 7, '2022-04-26 18:32:46', '2022-04-25'),
(71, '7_6267ee4e00460', '', 'Ghanshyam ji', 'Joshi', '', '9987654324', 'Luhariya', 72, '5100.00', 'CASH', '0', '', 1, 2, '', 7, '2022-04-26 18:36:22', '2022-04-26'),
(72, '7_626bbabb76ff0', '451', 'Kamlesh', 'Sohan ji suthar', '', '4567890789', 'Pakdi bhilwara', 0, '500.00', 'CASH', '0', '', 1, 4, '', 7, '2022-04-29 15:45:23', '2022-04-28'),
(73, '7_62747d5ddfa40', '77', 'bal kishan', 'ganesh ji bohra', '', '7878731546', 'danta', 43, '21000.00', 'CASH', '0', '', 1, 4, '', 7, '2022-05-06 07:13:57', '2022-05-06'),
(74, '7_627cd8616056c', '', 'Kashi lal ji', 'Ganesh ji purohit', '', '9461025633', 'Bhilwara', 27, '50000.00', 'CASH', '0', '', 1, 4, '', 7, '2022-05-12 15:20:25', '2022-05-11'),
(75, '7_627cd936f14ec', '87', 'Jagdish bhim raj ji', 'Luhar', '', '9413861563', 'Khepda kheda', 60, '100000.00', 'CASH', '0', '', 1, 4, '', 7, '2022-05-12 15:23:58', '2022-05-08'),
(76, '7_627cd97da59aa', '58', 'Balu ram sharma', 'photo grafar', '', '8209801262', 'Danta', 29, '101101.00', 'CASH', '0', '', 1, 4, '', 7, '2022-05-12 15:25:09', '2022-05-11'),
(77, '7_627cdb22b82ef', '92', 'Harnarayan ji', 'Pandiya', '', '4567891234', 'Danta', 76, '2100.00', 'CASH', '0', '', 1, 4, 'potiyo ke shubh vivah me', 7, '2022-05-12 15:32:10', '2022-05-12'),
(78, '7_627cdc1f58208', '91', 'Sri laxmi nath', 'Pariwar', '', '4563452341', 'Bhagwanpura', 0, '5100.00', 'CASH', '0', '', 1, 2, '', 7, '2022-05-12 15:36:23', '2022-05-09'),
(79, '7_62843516e97c5', 'No', 'Gupt', 'Dan', '', '5654321234', 'Luhariya', 0, '11000.00', 'ONLINE', '0', '', 1, 5, '', 7, '2022-05-18 05:21:50', '2022-05-17'),
(80, '7_6284e87476e1e', '', 'shyam lal', 'compounder', '', '9460966575', 'jorapura', 7, '2100.00', 'CASH', '0', '', 1, 1, '', 7, '2022-05-18 18:07:08', '2022-05-18'),
(81, '7_6284eb79e897c', '171', 'Prlad ji', 'Bhanwar ji panday', '', '0000000000', 'Thabola neemach', 0, '1100.00', 'CASH', '0', '', 1, 4, '', 7, '2022-05-18 18:20:01', '2022-05-18'),
(82, '7_628739b7e2871', '', 'Bheru', 'Balu bhai ji', '', '9929754572', 'Danta', 73, '51111.00', 'ONLINE', '0', '', 1, 5, '', 7, '2022-05-20 12:18:23', '2022-05-20'),
(83, '7_62937a6c08780', '160', 'Sanwar mal', 'Dalu babu ji', '', '9461522139', 'Kabradiya', 0, '2100.00', 'CASH', '0', '', 1, 4, '', 7, '2022-05-29 19:21:40', '2022-04-23'),
(84, '7_62937ad521642', '81', 'ganesh', 'balu ram ji sharma', '', '9413757038', 'danta', 47, '11000.00', 'CASH', '0', '', 1, 4, '', 7, '2022-05-29 19:23:25', '2022-04-23'),
(85, '7_62937db41caf6', '101 to 130', 'Bil no 101 se', '130 tk', '', '7898765676', 'Bhilwara', 0, '3401.00', 'CASH', '0', '', 1, 4, '', 7, '2022-05-29 19:35:40', '2022-05-29'),
(86, '7_62937ea3888ab', '169', 'Mahender sing', 'Ganpat sing ji', '', '0000000000', 'Danta', 77, '21000.00', 'CASH', '0', '', 1, 4, '', 7, '2022-05-29 19:39:39', '2022-05-14'),
(87, '7_62937f07828f3', '170', 'Shyam ji', 'Bhura ji rajput', '', '0000000000', 'Jalriya', 0, '5100.00', 'CASH', '0', '', 1, 4, '', 7, '2022-05-29 19:41:19', '2022-05-14'),
(88, '7_62937f44aaee7', '57', 'ramprasad', 'shankar lal ji panday', '', '8005981335', 'danta', 39, '20000.00', 'CASH', '0', '', 1, 4, '', 7, '2022-05-29 19:42:20', '2022-05-16'),
(89, '7_629383d313c76', '90', 'Dinesh', 'Bheru jijaji', '', '8103489114', 'Ratlam', 0, '5000.00', 'CASH', '0', '', 1, 2, '', 7, '2022-05-29 20:01:47', '2022-05-29'),
(90, '7_629384366aa6b', '', 'Ladu lal ji', 'Sen', '', '2344322345', 'Luhariya', 0, '1100.00', 'CASH', '0', '', 1, 2, '', 7, '2022-05-29 20:03:26', '2022-05-29'),
(91, '7_62938dd4edfd9', '', 'shyam lal', 'compounder', '', '9460966575', 'jorapura', 7, '200000.00', 'CASH', '0', '', 1, 4, '', 7, '2022-05-29 20:44:28', '2022-05-29'),
(92, '7_62d3c489f2245', '637', 'Devkaran', 'Kanhaiya lal ji panday', '', '8320360953', 'Danta', 78, '11000.00', 'CASH', '0', '', 1, 4, '', 7, '2022-07-17 13:42:57', '2022-06-22'),
(93, '7_62d3c5ce9cb45', '', 'Devkaran', 'Kanhaiya lal ji panday', '', '8320360953', 'Danta', 78, '10000.00', 'CASH', '0', '', 1, 2, '', 7, '2022-07-17 13:48:22', '2022-06-22'),
(94, '7_62d3c637d2408', '177', 'Ma +', '4 betiya', '', '0000000000', 'na', 0, '12500.00', 'CASH', '0', '', 1, 2, '', 7, '2022-07-17 13:50:07', '2022-06-22'),
(95, '7_62d3c6afa158a', '', 'Bheru ji', 'Gujar', '', '7778877345', 'Bhaldi kheda', 0, '11111.00', 'CASH', '0', '', 1, 2, '', 7, '2022-07-17 13:52:07', '2022-06-22'),
(96, '7_62d3c7164fdac', '', 'Gupt', 'Dan', '', '5678909090', 'Maharastra', 0, '5100.00', 'CASH', '0', '', 1, 2, '', 7, '2022-07-17 13:53:50', '2022-07-06'),
(97, '7_62d3c78b36380', '', 'Kailash ji', 'Panday', '', '1234321234', 'Danta', 0, '3600.00', 'CASH', '0', '', 1, 2, 'Rasid book se', 7, '2022-07-17 13:55:47', '2022-07-15'),
(98, '7_62d4299e088af', '51', 'hemraj ji', 'banshi lal ji soni', '', '9828439832', 'luhariya', 0, '11000.00', 'CASH', '0', '', 1, 4, '', 7, '2022-07-17 20:54:14', '2022-07-17'),
(99, '7_62d4306f10e61', '53', 'ganesh ji', 'lakhmi chand ji tiwadi', '', '1233214563', 'mandal', 0, '1100.00', 'CASH', '0', '', 1, 4, '', 7, '2022-07-17 21:23:19', '2022-07-17'),
(100, '7_62d4a76619d21', '58', 'dinesh', 'heera lal ji vyas', '', '9876541230', 'danta', 38, '101101.00', 'ONLINE', '0', '', 1, 5, '', 7, '2022-07-18 05:50:54', '2022-06-19'),
(101, '7_62d5017d32f36', '63', 'jagdish prajapat', 'choga ji kumhar', '', '6376920733', 'danta', 79, '11000.00', 'CASH', '0', '', 1, 4, '', 7, '2022-07-18 12:15:17', '2022-06-03'),
(102, '7_62d514b436009', '83', 'shanti lal ji', 'ramchander ji manmiya', '', '9928577177', 'bra  saredi', 0, '2100.00', 'CASH', '0', '', 1, 4, '', 7, '2022-07-18 13:37:16', '2022-05-25'),
(103, '7_62d51aec908c3', '93', 'chandi bai', 'putra bhim ji sharma', '', '1232584563', 'bera', 0, '1100.00', 'CASH', '0', '', 1, 4, '', 7, '2022-07-18 14:03:48', '2022-06-01'),
(104, '7_62d51b69a3ba7', '94', 'gupt', 'dan', '', '0000000000', 'na', 0, '1100.00', 'CASH', '0', '', 1, 4, '', 7, '2022-07-18 14:05:53', '2022-06-01'),
(105, '7_62d51bf67696b', '95', 'om prakash ji', 'ramchander ji', '', '0000000000', 'ratlam', 0, '211.00', 'CASH', '0', '', 1, 4, 'geeta chunnilal ji', 7, '2022-07-18 14:08:14', '2022-06-01'),
(106, '7_62d51c77d71c5', '96', 'lehru', 'ram ji', '', '9424527276', 'ratlam', 0, '1100.00', 'CASH', '0', '', 1, 4, '', 7, '2022-07-18 14:10:23', '2022-06-02'),
(107, '7_62d51d54188e6', '97', 'kailash ji', 'gajanand ji', '', '8279143849', 'sava    akhapura', 0, '1100.00', 'CASH', '0', '', 1, 4, '', 7, '2022-07-18 14:14:04', '2022-06-02'),
(108, '7_62d51dd36611e', '98', 'kailash ji', 'dallichand ji bohra', '', '9424843203', 'ratlam', 0, '11001.00', 'CASH', '0', '', 1, 4, '', 7, '2022-07-18 14:16:11', '2022-06-02'),
(109, '7_62d51e8f668a6', '99', 'rajmal ji', 'dallichand ji bohra', '', '9630371782', 'ratlam', 0, '5100.00', 'CASH', '0', '', 1, 4, '', 7, '2022-07-18 14:19:19', '2022-06-02'),
(110, '7_62d51f01cae43', '100', 'bhura lal ji', 'choga lal ji ojha', '', '9981824247', 'ratlam', 0, '1100.00', 'CASH', '0', '', 1, 4, '', 7, '2022-07-18 14:21:13', '2022-06-02'),
(111, '7_62d526b2c2307', '151', 'gupt', 'dan', '', '0000000000', 'na', 0, '5100.00', 'CASH', '0', '', 1, 4, '', 7, '2022-07-18 14:54:02', '2022-03-30'),
(112, '7_62d52f668d739', '163', 'narayan babu ji', 'sen', '', '9024814649', 'danta', 81, '6100.00', 'CASH', '0', '', 1, 4, '', 7, '2022-07-18 15:31:10', '2022-04-23'),
(113, '7_62d5335a90f14', '172', 'rajesh', 'balu ji bohra', '', '0000000000', 'danta', 82, '5100.00', 'CASH', '0', '', 1, 4, '', 7, '2022-07-18 15:48:02', '2022-06-02'),
(114, '7_62d5341311e2e', '173', 'gupt', 'dan', '', '0000000000', 'na', 0, '5000.00', 'CASH', '0', '', 1, 4, '', 7, '2022-07-18 15:51:07', '2022-06-04'),
(115, '7_62d53490aab6e', '174', 'manish ji', 'om prakash ji Bidla', '', '0000000000', 'mandal', 0, '1100.00', 'CASH', '0', '', 1, 4, '', 7, '2022-07-18 15:53:12', '2022-06-17'),
(116, '7_62d535099ef7c', '175', 'neha sharma', 'narayan ji sharma', '', '9079327211', 'bassi  chittor garh', 0, '5000.00', 'CASH', '0', '', 1, 4, '', 7, '2022-07-18 15:55:13', '2022-06-17'),
(117, '7_62d5356c0634d', '176', 'hastu bai', 'gokal ji bohra', '', '0000000000', 'danta', 0, '1100.00', 'CASH', '0', '', 1, 4, '', 7, '2022-07-18 15:56:52', '2022-06-19'),
(118, '7_62d53640b851e', '178', 'vinod kumar', 'rampal ji sen', '', '0000000000', 'luhariya', 0, '5100.00', 'CASH', '0', '', 1, 4, '', 7, '2022-07-18 16:00:24', '2022-07-02'),
(119, '7_62d536b964078', '179', 'suresh ji', 'panna lal ji prajapat', '', '0000000000', 'devriya  raipur', 0, '1100.00', 'CASH', '0', '', 1, 4, '', 7, '2022-07-18 16:02:25', '2022-07-03'),
(120, '7_62d67c62e3db5', '352', 'Hemant kumar ji', 'Kalyan mal ji purohit', '', '9179619254', 'Ratlam', 0, '11101.00', 'CASH', '0', '', 1, 4, '', 7, '2022-07-19 15:11:54', '2022-06-01'),
(121, '7_62d67ccf963af', '353', 'Mathura lal ji', 'Suva lal ji', '', '0000000000', 'Ratlam', 0, '2100.00', 'CASH', '0', '', 1, 4, '', 7, '2022-07-19 15:13:43', '2022-06-01'),
(122, '7_62d67d671546a', '354', 'Rajesh ji iswar ji', 'Jagdish ji bohra', '', '9981252523', 'Ratlam', 0, '11100.00', 'CASH', '0', '', 1, 4, '', 7, '2022-07-19 15:16:15', '2022-06-01'),
(123, '7_62d67e3fd5619', '355', 'Mangi lal ji', 'Bhoj raj ji purohit', '', '9977419797', 'Ratlam', 0, '5100.00', 'CASH', '0', '', 1, 4, '', 7, '2022-07-19 15:19:51', '2022-06-01'),
(124, '7_62d6806c93f16', '356', 'Iswar lal ji', 'Govind ji vyas', '', '9424048039', 'Ratlam', 0, '110.00', 'CASH', '0', '', 1, 4, '', 7, '2022-07-19 15:29:08', '2022-06-01'),
(125, '7_62d6810beb126', '357', 'Madhukat ji', 'Nanuram ji joshi', '', '9981888980', 'Ratlam', 0, '5100.00', 'CASH', '0', '', 1, 4, '', 7, '2022-07-19 15:31:47', '2022-06-01'),
(126, '7_62d68b6818108', '358', 'Prlad ji', 'Kalyan mal ji purohit', '', '9907201433', 'Ratlam', 0, '21000.00', 'CASH', '0', '', 1, 4, '', 7, '2022-07-19 16:16:00', '2022-06-02'),
(127, '7_62d74659dc2f5', '359', 'Gopal ji bansi lal ji', 'Lalu ji vyas', '', '9406636277', 'Ratlam', 0, '11111.00', 'CASH', '0', '', 1, 4, '', 7, '2022-07-20 05:33:37', '2022-06-02'),
(129, '7_62d74a2862c48', '361', 'Ashok kumar ji', 'Reva shankar ji pandiya', '', '9421031831', 'Ratlam', 0, '5100.00', 'CASH', '0', '', 1, 4, '', 7, '2022-07-20 05:49:52', '2022-06-02'),
(130, '7_62d74adb479b0', '362', 'Bhura shankar ji vya', 'Badri lal ji', '', '9425329305', 'Ratlam     narayan kheda', 0, '5100.00', 'CASH', '0', '', 1, 4, '', 7, '2022-07-20 05:52:51', '2021-06-02'),
(131, '7_62d74b599f2d1', '363', 'Rukman bai', 'Sri kishan ji', '', '0000000000', 'Ratlam', 0, '510.00', 'CASH', '0', '', 1, 4, '', 7, '2022-07-20 05:54:57', '2022-06-02'),
(132, '7_62d74bcceac98', '364', 'Narayan ji bohra', 'Ram nath ji', '', '9424809512', 'Ratlam', 0, '2100.00', 'CASH', '0', '', 1, 4, '', 7, '2022-07-20 05:56:52', '2022-06-02'),
(133, '7_62d74c5ff14b3', '365', 'Rameshwar ji pandiya', 'Shankar lal ji', '', '9424047332', 'Ratlam', 0, '2100.00', 'CASH', '0', '', 1, 4, '', 7, '2022-07-20 05:59:19', '2022-06-02'),
(134, '7_62d74cf2a2e4c', '366', 'Dhiraj ji bohra', 'Prlad ji bohra', '', '9893222747', 'Ratlam', 0, '5100.00', 'CASH', '0', '', 1, 4, '', 7, '2022-07-20 06:01:46', '2022-06-02'),
(135, '7_62d75e9eb6550', '367', 'Ramsingh bai bohra', 'Bheru lal ji bohra', '', '8830929811', 'Ratlam', 0, '21000.00', 'CASH', '0', '', 1, 4, '', 7, '2022-07-20 07:17:10', '2022-06-02'),
(136, '7_62d75f8ba617d', '369', 'Nathu lal ji bohra', 'Dali chand ji bohra', '', '9617799210', 'Ratlam', 0, '111111.00', 'ONLINE', '0', '', 1, 5, '', 7, '2022-07-20 07:21:07', '2022-06-02'),
(137, '7_62d7600784a84', '370', 'Narendar ji', 'Bhupander ji purohit', '', '9301222239', 'Ratlam', 0, '2100.00', 'CASH', '0', '', 1, 4, '', 7, '2022-07-20 07:23:11', '2022-06-02'),
(138, '7_62d7b3fa94839', '371', 'Harish ji', 'Badri narayan ji purohit', '', '9329051131', 'Ratlam', 0, '10000.00', 'CASH', '0', '', 1, 4, '', 7, '2022-07-20 13:21:22', '2022-06-02'),
(139, '7_62d7b47e6bf0a', '372', 'Rajender ji', 'Tiwadi', '', '8103714322', 'Ratlam', 0, '500.00', 'CASH', '0', '', 1, 4, '', 7, '2022-07-20 13:23:34', '2022-06-02'),
(140, '7_62d7b89e2ccfe', '377', 'Om ji', 'Bhanwar ji purohit', '', '0000000000', 'Ratlam', 0, '3100.00', 'CASH', '0', '', 1, 4, '', 7, '2022-07-20 13:41:10', '2022-06-02'),
(141, '7_62d7b913e63ec', '378', 'Sitaram ji', 'Jamana lal ji vyas', '', '9826340460', 'Ratlam', 0, '1100.00', 'CASH', '0', '', 1, 4, '', 7, '2022-07-20 13:43:07', '2022-06-03'),
(143, '7_62d7ba8290047', '380', 'Kanhaiya lal ji', 'Mangi lal ji', '', '0000000000', 'Ratlam', 0, '551.00', 'CASH', '0', '', 1, 4, '', 7, '2022-07-20 13:49:14', '2022-06-03'),
(144, '7_62d7bfacea97b', '382', 'Udairam ji', 'Ram kishan ji', '', '7024796904', 'Mahu', 0, '3100.00', 'CASH', '0', '', 1, 4, '', 7, '2022-07-20 14:11:16', '2022-06-03'),
(145, '7_62d7c01add630', '383', 'Kanhaiya lal', 'Mohan ji vyas', '', '0000000000', 'Indor      luhariya', 0, '5100.00', 'CASH', '0', '', 1, 4, '', 7, '2022-07-20 14:13:06', '2022-06-03'),
(146, '7_62d7c0954093e', '384', 'Rahul ji joshi', 'Kailash ji joshi', '', '0000000000', 'Indor', 0, '1600.00', 'CASH', '0', '', 1, 4, '', 7, '2022-07-20 14:15:09', '2022-06-04'),
(147, '7_62d7fe2554e1a', '386', 'Dharmichand ji', 'Mangilal ji joshi', '', '9425052866', 'Ratlam', 0, '5100.00', 'CASH', '0', '', 1, 4, '', 7, '2022-07-20 18:37:49', '2022-06-04'),
(148, '7_62d803abef328', '387', 'prlad ji', 'radha kishan ji vyas', '', '9826383627', 'indor', 0, '1100.00', 'CASH', '0', '', 1, 4, '', 7, '2022-07-20 19:01:23', '2022-06-04'),
(149, '7_62d8043d1caa6', '388', 'dinesh ji', 'pokhar ji vyas', '', '9826221781', 'indor    bujda vale', 0, '2100.00', 'CASH', '0', '', 1, 4, '', 7, '2022-07-20 19:03:49', '2022-06-04'),
(150, '7_62d804b19de19', '389', 'moolchand ji', 'nanu ram ji vyas', '', '9977155705', 'indor', 0, '1100.00', 'CASH', '0', '', 1, 4, '', 7, '2022-07-20 19:05:45', '2022-06-04'),
(151, '7_62d8051e043df', '390', 'bheru lal ji', 'sohan ji prajapat', '', '9131855371', 'indor', 0, '1100.00', 'CASH', '0', '', 1, 4, '', 7, '2022-07-20 19:07:34', '2022-06-04'),
(152, '7_62d80647a05f6', '391', 'gupt', 'dan', '', '9425052425', 'indor', 0, '1500.00', 'CASH', '0', '', 1, 4, '', 7, '2022-07-20 19:12:31', '2022-06-04'),
(153, '7_62d806c1a9b01', '392', 'sai baba mandir', 'dilip ji', '', '9827051344', 'indor', 0, '2100.00', 'CASH', '0', '', 1, 4, '', 7, '2022-07-20 19:14:33', '2022-06-04'),
(154, '7_62d80757c0102', '393', 'panna lal ji', 'hema ji prajapat', '', '9827621114', 'indor', 0, '1100.00', 'CASH', '0', '', 1, 4, '', 7, '2022-07-20 19:17:03', '2022-06-04'),
(155, '7_62d8885f2eeee', '394', 'laxmi narayan ji', 'ganga ram ji bohra', '', '9926788848', 'indor', 0, '11111.00', 'CASH', '0', '', 1, 4, '', 7, '2022-07-21 04:27:35', '2022-06-04'),
(156, '7_62d888f7aa470', '395', 'sunita sharma', 'd/o laxmi narayan ji bohra', '', '0000000000', 'indor', 0, '500.00', 'CASH', '0', '', 1, 4, '', 7, '2022-07-21 04:30:07', '2022-06-04'),
(157, '7_62d8899c8e3b6', '396', 'shankar', 'gopi lal ji purohit', '', '9926039320', 'sanawad      danta', 0, '111111.00', 'ONLINE', '0', '', 1, 5, '', 7, '2022-07-21 04:32:52', '2022-06-05'),
(158, '7_62d88a27e79c0', '397', 'gajanand ji', 'hem raj ji joshi', '', '9826656620', 'sanawad', 0, '11000.00', 'ONLINE', '0', '', 1, 5, '', 7, '2022-07-21 04:35:11', '2022-06-05'),
(159, '7_62d88aa74ad95', '398', 'heera lal ji', 'jeth mal ji', '', '0000000000', 'sanawad', 0, '500.00', 'CASH', '0', '', 1, 4, '', 7, '2022-07-21 04:37:19', '2022-06-05'),
(160, '7_62d88b1fe91c1', '399', 'suresh chander ji', 'gokal ji vyas', '', '9826288970', 'sanawad', 0, '3100.00', 'CASH', '0', '', 1, 4, '', 7, '2022-07-21 04:39:19', '2022-06-05'),
(161, '7_62d88ba147b68', '400', 'kailash ji', 'heera lal ji joshi', '', '9826989342', 'sanawad', 0, '1100.00', 'CASH', '0', '', 1, 4, '', 7, '2022-07-21 04:41:29', '2022-06-05'),
(162, '7_62d88ca1f355a', '401', 'prlad ji', 'moolchand ji joshi', '', '9826557231', 'sanawad     kabradiya', 0, '11111.00', 'CASH', '0', '', 1, 4, '', 7, '2022-07-21 04:45:45', '2022-06-05'),
(163, '7_62d88d46e43b3', '402', 'laxman ji', 'hemraj ji joshi', '', '9826629508', 'sanawad     kabradiya', 0, '1100.00', 'CASH', '0', '', 1, 4, '', 7, '2022-07-21 04:48:30', '2022-06-05'),
(164, '7_62d88dbf602ca', '403', 'ladu lal ji', 'hem raj ji joshi', '', '9977754232', 'sanawad', 0, '21000.00', 'CASH', '0', '', 1, 4, '', 7, '2022-07-21 04:50:31', '2022-06-05'),
(165, '7_62d88e62eaca2', '404', 'ram lal ji', 'nathu ji kharol', '', '0000000000', 'holnatha      jhadol', 0, '2100.00', 'CASH', '0', '', 1, 4, '', 7, '2022-07-21 04:53:14', '2022-06-06'),
(166, '7_62d88f347e292', '405', 'ramdev', 'emporiyam', '', '9921988898', 'holnatha', 0, '2100.00', 'CASH', '0', '', 1, 4, '', 7, '2022-07-21 04:56:44', '2022-06-06'),
(167, '7_62d8901bd7863', '406', 'narpat sing ji', 'aman sing ji raj purohit', '', '7875755516', 'holnatha', 0, '1100.00', 'CASH', '0', '', 1, 4, '', 7, '2022-07-21 05:00:35', '2022-06-06'),
(168, '7_62d89921933bd', '407', 'polaram ji', 'hanumana ji', '', '9422370556', 'holnatha', 0, '500.00', 'CASH', '0', '', 1, 4, '', 7, '2022-07-21 05:39:05', '2022-06-06'),
(169, '7_62d8999a02b31', '408', 'jagdish ji joshi', 'shiv lal ji joshi', '', '9460405222', 'holnatha    luhariya', 0, '2100.00', 'CASH', '0', '', 1, 4, '', 7, '2022-07-21 05:41:06', '2022-06-06'),
(170, '7_62d89a28dec56', '409', 'balu ram', 'khangar ji chodhari', '', '9423901721', 'holnatha', 0, '11111.00', 'CASH', '0', '', 1, 4, '', 7, '2022-07-21 05:43:28', '2022-06-06'),
(171, '7_62d89bc15021b', '410', 'radhe shyam ji', 'kashi lal ji', '', '9784454567', 'shirpur    luhariya', 0, '11000.00', 'CASH', '0', '', 1, 4, '', 7, '2022-07-21 05:50:17', '2022-06-06'),
(172, '7_62d89c5957b08', '411', 'rameshar', 'kashi lal ji vyas', '', '0000000000', 'shirpur   luhariya', 0, '11000.00', 'CASH', '0', '', 1, 4, '', 7, '2022-07-21 05:52:49', '2022-06-06'),
(173, '7_62d89da5eddf0', '412', 'debilal', 'ramchander ji vyas', '', '0000000000', 'shirpur    luhariya', 0, '11000.00', 'CASH', '0', '', 1, 4, '', 7, '2022-07-21 05:58:21', '2022-06-06'),
(174, '7_62d89ed393630', '414', 'rameshar ji', 'moolchand ji jat', '', '7776861160', 'dhuliya    sahada', 0, '2100.00', 'CASH', '0', '', 1, 4, '', 7, '2022-07-21 06:03:23', '2022-06-07'),
(175, '7_62d8a0128a772', '416', 'bala ji steels', 'punam ram ji', '', '9973665023', 'sangamner    shirdi', 0, '1100.00', 'CASH', '0', '', 1, 4, '', 7, '2022-07-21 06:08:42', '2022-06-07'),
(176, '7_62d8a0a0e4bc3', '417', 'hemraj ji', 'ramlal ji', '', '9850063717', 'mendon   shirdi', 0, '5100.00', 'CASH', '0', '', 1, 4, '', 7, '2022-07-21 06:11:04', '2022-06-07'),
(177, '7_62d8a16e0e40c', '418', 'nav nath ji', 'sahu nath ji', '', '0000000000', 'mendon   shirdi', 0, '1100.00', 'CASH', '0', '', 1, 4, '', 7, '2022-07-21 06:14:30', '2022-06-08'),
(178, '7_62d8a24d60292', '419', 'shiv lal ji', 'amba lal ji choudhary', '', '9623033438', 'medhvan   shirdi', 0, '11111.00', 'ONLINE', '0', '', 1, 5, '', 7, '2022-07-21 06:18:13', '2022-06-08'),
(179, '7_62d8a2f82c362', '420', 'suresh chander', 'gopi ji jat', '', '8005970819', 'akole    keriya kheda', 0, '11111.00', 'CASH', '0', '', 1, 4, '', 7, '2022-07-21 06:21:04', '2022-06-08'),
(180, '7_62d8a37b1919c', '421', 'jiv raj ji', 'magana ji jat', '', '0000000000', 'akole   nathdiyas', 0, '500.00', 'CASH', '0', '', 1, 4, '', 7, '2022-07-21 06:23:15', '2022-06-08'),
(181, '7_62d8d8764951b', '422', 'balu ram ji', 'daya shankar ji sharma', '', '9950644435', 'akole', 0, '1100.00', 'CASH', '0', '', 1, 4, '', 7, '2022-07-21 10:09:18', '2022-06-08'),
(182, '7_62d8d8f1d664e', '423', 'karishna', 'ice cream', '', '0000000000', 'akole', 0, '1100.00', 'CASH', '0', '', 1, 4, '', 7, '2022-07-21 10:11:21', '2022-06-08'),
(183, '7_62d8d976a9e2b', '424', 'radhe shyam jat', 'amba lal jat', '', '9595098343', 'kotuhal hathipura', 0, '11111.00', 'CASH', '0', '', 1, 4, '', 7, '2022-07-21 10:13:34', '2022-06-08'),
(184, '7_62d8d9e99d54e', '425', 'chitter mal ji jat', 'amba lal ji', '', '7744068065', 'kotuhal', 0, '11111.00', 'CASH', '0', '', 1, 4, '', 7, '2022-07-21 10:15:29', '2022-06-08'),
(185, '7_62d8dac7a422c', '428', 'sanju seth', 'somdas ji', '', '0000000000', 'kotuhal', 0, '1100.00', 'CASH', '0', '', 1, 4, '', 7, '2022-07-21 10:19:11', '2022-06-08'),
(186, '7_62d8db5e1c74c', '429', 'vivak nandu', 'nandu gangadhar ravut', '', '9763396447', 'kotuhal', 0, '1100.00', 'CASH', '0', '', 1, 4, '', 7, '2022-07-21 10:21:42', '2022-06-08'),
(187, '7_62d8dc1ba36c0', '430', 'mato shree', 'zerox', '', '9921467052', 'konur', 0, '1100.00', 'CASH', '0', '', 1, 4, '', 7, '2022-07-21 10:24:51', '2022-06-08'),
(188, '7_62d9eb4e59b20', '432', 'sajwant bhai', 'choudhary', '', '0000000000', 'dolwan', 0, '551.00', 'CASH', '0', '', 1, 4, '', 7, '2022-07-22 05:41:58', '2022-06-09'),
(189, '7_62d9ef02738ed', '433', 'prakash ji', 'kharol', '', '7567903811', 'kher gaav', 0, '1100.00', 'CASH', '0', '', 1, 4, '', 7, '2022-07-22 05:57:46', '2022-06-09'),
(190, '7_62d9f013bb921', '434', 'gordhan ji', 'raymal ji gujar', '', '9016073016', 'kher gaav', 0, '5100.00', 'ONLINE', '0', '', 1, 5, '', 7, '2022-07-22 06:02:19', '2022-06-09'),
(191, '7_62d9f08a4b6e6', '435', 'bheru lal ji', 'genna ji gujar', '', '7778877345', 'kher gaav', 0, '11111.00', 'ONLINE', '0', '', 1, 5, '', 7, '2022-07-22 06:04:18', '2022-06-09'),
(192, '7_62d9f12b420f1', '437', 'vishnu ji', 'shyam ji pandiya', '', '6353120200', 'vasta   bhimdiyas', 0, '5500.00', 'CASH', '0', '', 1, 4, '', 7, '2022-07-22 06:06:59', '2022-06-09'),
(193, '7_62d9f21c6a89d', '438', 'shanti lal ji', 'indar mal ji vyas', '', '8153930445', 'vasta   bhimdiyas', 0, '11111.00', 'CASH', '0', '', 1, 4, '', 7, '2022-07-22 06:11:00', '2022-06-09'),
(194, '7_62d9f2b3644e0', '439', 'laxman ji', 'sohan ji joshi', '', '8107395608', 'vasta   luhariya', 0, '11121.00', 'CASH', '0', '', 1, 4, '', 7, '2022-07-22 06:13:31', '2022-06-09'),
(195, '7_62d9f3309b9ad', '440', 'mukesh ji', 'shyam ji pandiya', '', '7742725594', 'vasta   bhimdiyas', 0, '5500.00', 'CASH', '0', '', 1, 4, '', 7, '2022-07-22 06:15:36', '2022-06-09'),
(196, '7_62d9f4022b7d8', '442', 'amarchand', 'bhai', '', '0000000000', 'dolwan', 0, '501.00', 'CASH', '0', '', 1, 4, '', 7, '2022-07-22 06:19:06', '2022-06-10'),
(197, '7_62d9f5110dcac', '443', 'mal sing rajput', 'naru sing', '', '8290139378', 'islampur   kot vale', 0, '5100.00', 'CASH', '0', '', 1, 4, '', 7, '2022-07-22 06:23:37', '2022-06-10'),
(198, '7_62d9fabc149fe', '444', 'rajdhani ice cream &', 'cold drinks house', '', '9970045033', 'islampur', 0, '5100.00', 'CASH', '0', '', 1, 4, '', 7, '2022-07-22 06:47:48', '2022-06-10'),
(199, '7_62d9fb4948142', '445', 'kishan ji vaisnav', 'kaniram ji', '', '7874355512', 'dolwan', 0, '1100.00', 'CASH', '0', '', 1, 4, '', 7, '2022-07-22 06:50:09', '2022-06-10'),
(200, '7_62d9fbb3d8012', '446', 'jagdish ji', 'mohan lal ji sharma', '', '9925656449', 'dolwan', 0, '500.00', 'CASH', '0', '', 1, 4, '', 7, '2022-07-22 06:51:55', '2022-06-10'),
(201, '7_62d9fc3ce87cb', '447', 'ladu sing ji', 'shaitan sing ji', '', '9408524926', 'dolwan', 0, '1100.00', 'CASH', '0', '', 1, 4, '', 7, '2022-07-22 06:54:12', '2022-06-10'),
(202, '7_62d9fce4c0d1a', '448', 'gopal', 'heera lal ji joshi', '', '9558177704', 'buwari   dhunwala', 0, '11151.00', 'ONLINE', '0', '', 1, 5, '', 7, '2022-07-22 06:57:00', '2022-06-10'),
(203, '7_62d9fd8667392', '449', 'sanwariya ice cream', 'ramswarup sharma', '', '0000000000', 'vyara', 0, '2100.00', 'CASH', '0', '', 1, 4, '', 7, '2022-07-22 06:59:42', '2022-06-10'),
(204, '7_62d9fe93158ce', '450', 'ladu lal', 'sohan ji purohit', '', '7567595019', 'danta', 83, '55551.00', 'ONLINE', '0', '', 1, 5, '', 7, '2022-07-22 07:04:11', '2022-06-10'),
(205, '7_62da76d7d578f', '501', 'Ranawat up ji', 'Balu ram ji', '', '7698576872', 'Vyara     kabradiya', 0, '2100.00', 'CASH', '0', '', 1, 4, '', 7, '2022-07-22 15:37:19', '2022-06-10'),
(206, '7_62da7756325c0', '502', 'Shankar ji', 'Dallichand ji', '', '9427150695', 'Bajipura     jorapura', 0, '5100.00', 'CASH', '0', '', 1, 4, '', 7, '2022-07-22 15:39:26', '2022-06-10'),
(207, '7_62da781e9aa85', '503', 'Shyam lal ji', 'Dallichand ji', '', '9428057982', 'Bajipura     jorapura', 0, '2100.00', 'CASH', '0', '', 1, 4, '', 7, '2022-07-22 15:42:46', '2022-06-10'),
(208, '7_62da7aba44660', '508', 'Ramswarup ji', 'Rameshwar ji vyas', '', '9726301596', 'Bardoli     bra  saredi', 0, '2100.00', 'CASH', '0', '', 1, 4, '', 7, '2022-07-22 15:53:54', '2022-06-10'),
(209, '7_62db3c3218ae6', '509', 'kishan ji', 'mula ji tiwadi', '', '9824828971', 'dhamrod', 0, '2100.00', 'CASH', '0', '', 1, 4, '', 7, '2022-07-23 05:39:22', '2022-06-10'),
(210, '7_62db3ce5c09e8', '510', 'ranchod ji', 'dallichand ji uppadhyay', '', '9427758138', 'gangadhra   jorapura', 0, '5100.00', 'CASH', '0', '', 1, 4, '', 7, '2022-07-23 05:42:21', '2022-06-10'),
(211, '7_62db3ec64f9d2', '515', 'rameshar ji', 'rang lal ji laxkar', '', '9316571692', 'mandvi   sagrev', 0, '2100.00', 'CASH', '0', '', 1, 4, '', 7, '2022-07-23 05:50:22', '2022-06-11'),
(212, '7_62df36c134305', '518', 'rameshar,gopal ji', 'gokul ji upadhyay', '', '9825728812', 'vanisa   dolatgarh', 0, '11000.00', 'CASH', '0', '', 1, 4, '', 7, '2022-07-26 06:05:13', '2022-06-11'),
(213, '7_62df37bd181bd', '520', 'panna lal ji', 'mangi lal ji tiwadi', '', '9428196812', 'kameli   paldi', 0, '5100.00', 'CASH', '0', '', 1, 4, '', 7, '2022-07-26 06:09:25', '2022-06-11'),
(214, '7_62df383851ef2', '521', 'sunil ji', 'rameshar ji pandit', '', '0000000000', 'bardoli   aameshar', 0, '2100.00', 'CASH', '0', '', 1, 4, '', 7, '2022-07-26 06:11:28', '2022-06-11'),
(215, '7_62df38c0e8fd0', '522', 'om ji', 'nathu lal ji bohra', '', '9924093171', 'bardoli   karjaliya', 0, '3100.00', 'CASH', '0', '', 1, 4, '', 7, '2022-07-26 06:13:44', '2022-06-11'),
(216, '7_62df3ab128045', '525', 'mahavir', 'bhanwar ji vyas', '', '9662495419', 'bardoli   bra  saredi', 0, '501.00', 'CASH', '0', '', 1, 4, '', 7, '2022-07-26 06:22:01', '2022-06-11'),
(217, '7_62df3d902b454', '526', 'ghanshyam ji', 'sohan ji tadba', '', '8866099545', 'baroda   mandal', 0, '11111.00', 'CASH', '0', '', 1, 4, '', 7, '2022-07-26 06:34:16', '2022-06-11'),
(218, '7_62df3f2902673', '529', 'jagdish', 'tulsi ram ji gadri', '', '0000000000', 'baroda   bavdi', 0, '551.00', 'CASH', '0', '', 1, 4, '', 7, '2022-07-26 06:41:05', '2022-06-12'),
(219, '7_62df3fa57e382', '530', 'sukhdev ji', 'sri kishan ji vaisnav', '', '8905190733', 'baroda   keriya kheda', 0, '5100.00', 'ONLINE', '0', '', 1, 5, '', 7, '2022-07-26 06:43:09', '2022-06-12'),
(220, '7_62df4698c2524', '531', 'devilal ji', 'banshi lal ji suthar', '', '9558814623', 'baroda   bavdi', 0, '2100.00', 'ONLINE', '0', '', 1, 5, '', 7, '2022-07-26 07:12:48', '2022-06-12'),
(221, '7_62dfd66697a71', '532', 'kanhaiya lal', 'udayram ji suthar', '', '9825745492', 'danta', 87, '21021.00', 'ONLINE', '0', '', 1, 5, '', 7, '2022-07-26 17:26:22', '2022-06-12'),
(222, '7_62dfd75766d94', '533', 'gopal ji teli', 'heera lal ji teli', '', '9352500360', 'baroda', 0, '1100.00', 'CASH', '0', '', 1, 4, '', 7, '2022-07-26 17:30:23', '2022-06-12'),
(223, '7_62dfd7ccc6f34', '534', 'nandram ji', 'kalu ram ji jat', '', '0000000000', 'baroda   bagor', 0, '2100.00', 'CASH', '0', '', 1, 4, '', 7, '2022-07-26 17:32:20', '2022-06-13'),
(224, '7_62dfd84d249f8', '535', 'sukhdev ji suthar', 'mangi lal ji', '', '9825258229', 'baroda', 0, '501.00', 'CASH', '0', '', 1, 4, '', 7, '2022-07-26 17:34:29', '2022-06-13'),
(225, '7_62dfdae369d3a', '536', 'ramdayal ji', 'ramchander ji suthar', '', '8290422623', 'baroda', 0, '1100.00', 'ONLINE', '0', '', 1, 5, '', 7, '2022-07-26 17:45:31', '2022-06-13'),
(226, '7_62dfdd9437f5a', '537', 'mahender ji', 'mahavir ji suthar', '', '6355449323', 'baroda', 0, '1100.00', 'ONLINE', '0', '', 1, 5, '', 7, '2022-07-26 17:57:00', '2022-06-13'),
(227, '7_62dfddfea4e98', '538', 'shankar ji suthar', 'mohan ji', '', '9427351017', 'baroda', 0, '1100.00', 'CASH', '0', '', 1, 4, '', 7, '2022-07-26 17:58:46', '2022-06-13'),
(228, '7_62dfde7640946', '539', 'ghanshyam ji', 'suthar', '', '9725554455', 'baroda', 0, '501.00', 'ONLINE', '0', '', 1, 5, '', 7, '2022-07-26 18:00:46', '2022-06-13'),
(229, '7_62dfdee963513', '540', 'bheru nath', 'power tools', '', '9793123728', 'baroda', 0, '2100.00', 'CASH', '0', '', 1, 4, '', 7, '2022-07-26 18:02:41', '2022-06-13'),
(230, '7_62dfdf48c869d', '541', 'madan ji', 'mangi lal ji suthar', '', '0000000000', 'baroda   bhojpura', 0, '501.00', 'ONLINE', '0', '', 1, 5, '', 7, '2022-07-26 18:04:16', '2022-06-13'),
(231, '7_62dfdfea4064f', '542', 'narayan ji', 'kailash ji suthar', '', '7990515898', 'baroda   chanked', 0, '1100.00', 'ONLINE', '0', '', 1, 5, '', 7, '2022-07-26 18:06:58', '2022-06-13'),
(232, '7_62dfe05fb6687', '543', 'ghishu ji', 'sanwar ji suthar', '', '9662745771', 'baroda   dantda', 0, '501.00', 'ONLINE', '0', '', 1, 5, '', 7, '2022-07-26 18:08:55', '2022-06-13'),
(233, '7_62e0828aef079', '545', 'bhanwar ji', 'kalu ji garbariya', '', '9409115114', 'baroda   mandal', 0, '1100.00', 'CASH', '0', '', 1, 4, '', 7, '2022-07-27 05:40:50', '2022-06-13'),
(234, '7_62e083a00fef2', '546', 'ajaymeru transport', 'ganpat bheru jijaji', '', '9978721515', 'baroda   sahada', 0, '2100.00', 'CASH', '0', '', 1, 4, '', 7, '2022-07-27 05:45:28', '2022-06-13'),
(235, '7_62e084222ab62', '547', 'arjun ji gadri', 'deva ji', '', '9228772780', 'baroda   bavdi', 0, '1100.00', 'CASH', '0', '', 1, 4, '', 7, '2022-07-27 05:47:38', '2022-06-13'),
(236, '7_62e084a6d27fa', '548', 'gopal ji', 'nand ram ji tiwadi', '', '0000000000', 'baroda   bavdi', 0, '11111.00', 'CASH', '0', '', 1, 4, '', 7, '2022-07-27 05:49:50', '2022-06-13'),
(237, '7_62e0851a0b06f', '549', 'mukesh', 'nanu ram ji purohit', '', '7425041001', 'baroda   bhagwanpura', 0, '3100.00', 'ONLINE', '0', '', 1, 5, '', 7, '2022-07-27 05:51:46', '2022-06-13'),
(238, '7_62e085eceb1bd', '550', 'sai', 'nath', '', '9998760951', 'kakanpur godhra', 0, '1101.00', 'CASH', '0', '', 1, 4, '', 7, '2022-07-27 05:55:16', '2022-06-13'),
(239, '7_62e087e246ae5', '601', 'gopal ji', 'laxman ji uppadhyay', '', '9904456305', 'morva   akhapura', 0, '5100.00', 'CASH', '0', '', 1, 4, '', 7, '2022-07-27 06:03:38', '2022-06-13'),
(240, '7_62e0886bda411', '602', 'balu ram ji', 'laxman ji upadhyay', '', '9979990040', 'morva   akhapura', 0, '5100.00', 'CASH', '0', '', 1, 4, '', 7, '2022-07-27 06:05:55', '2022-06-13'),
(241, '7_62e08912ad474', '603', 'jagdish ji', 'moti lal ji upadhyay', '', '9825987519', 'godra', 0, '2100.00', 'CASH', '0', '', 1, 4, '', 7, '2022-07-27 06:08:42', '2022-06-14'),
(242, '7_62e089d659dff', '605', 'balaji steel', 'centre', '', '9426333571', 'godhra   jalor', 0, '11101.00', 'CHEQUE', '0', '', 1, 5, '', 7, '2022-07-27 06:11:58', '2022-06-14'),
(243, '7_62e0aff67c236', '606', 'bajrang bali', 'sels', '', '9428905657', 'godhra', 0, '1100.00', 'CASH', '0', '', 1, 4, '', 7, '2022-07-27 08:54:38', '2022-06-14'),
(244, '7_62e0b0ab99ada', '607', 'prbhu lal', 'pratap ji upadhyay', '', '9825823133', 'godhra   salyavati sahada', 0, '2100.00', 'CASH', '0', '', 1, 4, '', 7, '2022-07-27 08:57:39', '2022-06-14'),
(245, '7_62e0b131ba400', '608', 'karishna bombay', 'masala dhosa', '', '9649958320', 'godhra lakhmaniyas', 0, '1100.00', 'CASH', '0', '', 1, 4, '', 7, '2022-07-27 08:59:53', '2022-06-14'),
(246, '7_62e0b2652d425', '609', 'nirbhay sing ji', 'keshar sing ji', '', '9904462570', 'godhra nandhoda rajsamand', 0, '2100.00', 'CASH', '0', '', 1, 4, '', 7, '2022-07-27 09:05:01', '2022-06-14'),
(247, '7_62e0b4f921039', '610', 'ratan ji', 'mangi lal ji teli', '', '7340093747', 'godhra', 0, '1100.00', 'CASH', '0', '', 1, 4, '', 7, '2022-07-27 09:16:01', '2022-06-14'),
(248, '7_62e0b56ba6f52', '611', 'suresh ji', 'gopi ji teli', '', '8200336030', 'godhra   chikarda', 0, '1100.00', 'CASH', '0', '', 1, 4, '', 7, '2022-07-27 09:17:55', '2022-06-14'),
(249, '7_62e0b5eb812dd', '612', 'jamana lal ji', 'nathu ji teli', '', '8347956229', 'godhra   kanod', 0, '2100.00', 'CASH', '0', '', 1, 4, '', 7, '2022-07-27 09:20:03', '2022-06-14'),
(250, '7_62e0b658b007e', '613', 'jitu bhai', 'balaji market', '', '9825499101', 'godhra', 0, '2100.00', 'CASH', '0', '', 1, 4, '', 7, '2022-07-27 09:21:52', '2022-06-14'),
(251, '7_62e0b7909c3e8', '614', 'gopal ji', 'uday ram ji teli', '', '0000000000', 'godhra', 0, '501.00', 'CASH', '0', '', 1, 4, '', 7, '2022-07-27 09:27:04', '2022-06-14'),
(252, '7_62e0b8111c409', '615', 'dinesh ji', 'aasha ram ji', '', '9067633940', 'godhra', 0, '2100.00', 'CASH', '0', '', 1, 4, '', 7, '2022-07-27 09:29:13', '2022-06-14'),
(253, '7_62e0b89a778a6', '616', 'ramkumar ji', 'heera lal ji mahajan', '', '9426540408', 'godhra   aarni', 0, '5100.00', 'CASH', '0', '', 1, 4, '', 7, '2022-07-27 09:31:30', '2022-06-14'),
(254, '7_62e0b927c8337', '617', 'gopal ji patel', 'javan ram ji', '', '9409021194', 'godhra   jodhpur', 0, '11000.00', 'CASH', '0', '', 1, 4, '', 7, '2022-07-27 09:33:51', '2022-06-14'),
(255, '7_62e0b988a0916', '618', 'surya', 'bangels', '', '0000000000', 'godhra   jalor', 0, '1100.00', 'CASH', '0', '', 1, 4, '', 7, '2022-07-27 09:35:28', '2022-06-14'),
(256, '7_62e0b9dc2995b', '619', 'ramdev', 'novelty', '', '0000000000', 'godhra', 0, '200.00', 'CASH', '0', '', 1, 4, '', 7, '2022-07-27 09:36:52', '2022-06-14'),
(257, '7_62e0ba53cfef4', '620', 'gajanand', 'trak mart', '', '9426528224', 'godhra', 0, '500.00', 'CASH', '0', '', 1, 4, '', 7, '2022-07-27 09:38:51', '2022-06-14'),
(258, '7_62e0baa7203c2', '621', 'neel kanth', 'ice cream', '', '0000000000', 'godhra', 0, '500.00', 'CASH', '0', '', 1, 4, '', 7, '2022-07-27 09:40:15', '2022-06-14'),
(259, '7_62e0bb08601c9', '622', 'jay sanwariya', 'seth', '', '0000000000', 'godhra', 0, '1100.00', 'CASH', '0', '', 1, 4, '', 7, '2022-07-27 09:41:52', '2022-06-14'),
(260, '7_62e0bbd587c5f', '623', 'jagdish,rameshar ji', 'gopal ji vyas', '', '9913138203', 'vejal pur   thabola', 0, '5100.00', 'CASH', '0', '', 1, 4, '', 7, '2022-07-27 09:45:17', '2022-06-14'),
(261, '7_62e0bc5f5ee77', '624', 'bheru ji', 'ekling ji prajapati', '', '9427384481', 'timba   bemali', 0, '250.00', 'CASH', '0', '', 1, 4, '', 7, '2022-07-27 09:47:35', '2022-06-14'),
(262, '7_62e0be8adf4bc', '625', 'balu ram ji vyas', 'doulat ram ji', '', '0000000000', 'sevaliya   narayan kheda', 0, '1100.00', 'CASH', '0', '', 1, 4, '', 7, '2022-07-27 09:56:50', '2022-06-14'),
(263, '7_62e0bf1ed4b8c', '626', 'kalu ram ji', 'choga ji prajapat', '', '0000000000', 'sivaliya   gurjaniya', 0, '1100.00', 'CASH', '0', '', 1, 4, '', 7, '2022-07-27 09:59:18', '2022-06-14'),
(264, '7_62e0bf97a022b', '627', 'shri nath vasan', 'ram bharose', '', '9427384652', 'sivaliya', 0, '1100.00', 'CASH', '0', '', 1, 4, '', 7, '2022-07-27 10:01:19', '2022-06-14'),
(265, '7_62e0c056b17bd', '628', 'jay bhole', 'vasan', '', '9106919526', 'sivaliya', 0, '1100.00', 'CASH', '0', '', 1, 4, '', 7, '2022-07-27 10:04:30', '2022-06-14'),
(266, '7_62e0c11e1a125', '629', 'shri sanwariya', 'vasan bhandar', '', '9824696651', 'sivaliya', 0, '501.00', 'CASH', '0', '', 1, 4, '', 7, '2022-07-27 10:07:50', '2022-06-14'),
(267, '7_62e0c19850741', '630', 'sukhdev ji upadhyay', 'panna lal ji', '', '9409086055', 'ratan pura   akhapura', 0, '5100.00', 'CASH', '0', '', 1, 4, '', 7, '2022-07-27 10:09:52', '2022-06-14'),
(268, '7_62e0c227112a2', '631', 'shantilal', 'sukhdev ji upadhay', '', '9725249976', 'nadisar   akhapura', 0, '1100.00', 'CASH', '0', '', 1, 4, '', 7, '2022-07-27 10:12:15', '2022-06-14'),
(269, '7_62e0c2b726d89', '632', 'shankar lal ji', 'pokhar ji vyas', '', '7567428822', 'shahera   narayan kheda', 0, '1100.00', 'CASH', '0', '', 1, 4, '', 7, '2022-07-27 10:14:39', '2022-06-14'),
(270, '7_62e0c355ec5a7', '633', 'jagdish ji', 'mathura lal ji joshi', '', '9427595864', 'shehara   sakriya', 0, '1100.00', 'CASH', '0', '', 1, 4, '', 7, '2022-07-27 10:17:17', '2022-06-14'),
(271, '7_62e0c3de60728', '634', 'sanwar mal vaisnav', 'gopal das', '', '9265325339', 'shehara   kanwaliyas', 0, '1100.00', 'CASH', '0', '', 1, 4, '', 7, '2022-07-27 10:19:34', '2022-06-14'),
(272, '7_62e0c4e354b91', '635', 'laxman purbiya', 'madhu lal ji', '', '6352301653', 'shehara   sargaav', 0, '511.00', 'CASH', '0', '', 1, 4, '', 7, '2022-07-27 10:23:55', '2022-06-14'),
(273, '7_62e0c5a60dce8', '636', 'sohan lal ji', 'ramchander ji vyas', '', '9922612521', 'shehara   dhudiya', 0, '2100.00', 'CASH', '0', '', 1, 4, '', 7, '2022-07-27 10:27:10', '2022-06-14'),
(274, '7_62e0c6a7c0070', '638', 'shantilal ji', 'chaturbhuj ji upadhyay', '', '8780012409', 'mahi   bera', 0, '7100.00', 'CASH', '0', '', 1, 4, '', 7, '2022-07-27 10:31:27', '2022-06-14'),
(275, '7_62e0c73b918bd', '639', 'ladu sing ji', 'heera sing ji tawar', '', '9428770246', 'bhiloda   kabradiya', 0, '11111.00', 'CASH', '0', '', 1, 4, '', 7, '2022-07-27 10:33:55', '2022-06-15'),
(276, '7_62e0c7d2ed794', '640', 'ram bharoshe', 'gupt dan', '', '7802023242', 'bhiloda', 0, '5001.00', 'ONLINE', '0', '', 1, 5, '', 7, '2022-07-27 10:36:26', '2022-06-15'),
(277, '7_62e0e10201bf2', '641', 'vivak kirana', 'store', '', '0000000000', 'bhiloda', 0, '1100.00', 'CASH', '0', '', 1, 4, '', 7, '2022-07-27 12:23:54', '2022-06-15'),
(278, '7_62e0e1975c3a3', '642', 'bhavesh bhai', 'prakash bhai', '', '9426396959', 'bhiloda', 0, '1100.00', 'CASH', '0', '', 1, 4, '', 7, '2022-07-27 12:26:23', '2022-06-15'),
(279, '7_62e0e1ef2d9bc', '643', 'kalu bhai', 'gokul ji', '', '9428273827', 'bhiloda', 0, '1100.00', 'CASH', '0', '', 1, 4, '', 7, '2022-07-27 12:27:51', '2022-06-15'),
(280, '7_62e0e2603012f', '644', 'raghuvir sing ji', 'doulat sing ji', '', '9979058878', 'bhiloda   jalriya', 0, '2100.00', 'CASH', '0', '', 1, 4, '', 7, '2022-07-27 12:29:44', '2022-06-15'),
(281, '7_62e0e2c06e683', '645', 'lokesh ji', 'agarwal', '', '6355087399', 'bhiloda', 0, '1100.00', 'CASH', '0', '', 1, 4, '', 7, '2022-07-27 12:31:20', '2022-06-15'),
(282, '7_62e0e34db8527', '646', 'radhe shyam ji', 'chagan lal ji sharma', '', '9829789929', 'bhiloda   karoi', 0, '2100.00', 'CASH', '0', '', 1, 4, '', 7, '2022-07-27 12:33:41', '2022-06-15'),
(283, '7_62e0e3c851d89', '647', 'bheru nath bhangaar', 'ram bharoshe', '', '9427949465', 'bhiloda', 0, '1100.00', 'CASH', '0', '', 1, 4, '', 7, '2022-07-27 12:35:44', '2022-06-15'),
(284, '7_62e0e44de7720', '648', 'kalyan ji', 'durgesh ji', '', '0000000000', 'bhiloda', 0, '1100.00', 'CASH', '0', '', 1, 4, '', 7, '2022-07-27 12:37:57', '2022-06-15'),
(285, '7_62e0e4f60b512', '649', 'mukesh bhai', 'rameshar ji shaah', '', '9423464561', 'bhiloda', 0, '1100.00', 'CASH', '0', '', 1, 4, '', 7, '2022-07-27 12:40:46', '2022-06-15'),
(286, '7_62e0e57a2c451', '650', 'badri lal ji', 'madhu lal ji rayaka', '', '0000000000', 'bhiloda   jalriya', 0, '500.00', 'CASH', '0', '', 1, 4, '', 7, '2022-07-27 12:42:58', '2022-06-15'),
(287, '7_62e0ffd4c240c', '751', 'gupt', 'dan', '', '9960385339', 'aakole', 0, '5100.00', 'ONLINE', '0', '', 1, 5, '', 7, '2022-07-27 14:35:24', '2022-07-02'),
(288, '7_62e10117e00bf', '752', 'mohan ji', 'badri lal ji jat', '', '7531050650', 'delhi   keriya kheda', 0, '11111.00', 'ONLINE', '0', '', 1, 5, '', 7, '2022-07-27 14:40:47', '2022-07-04'),
(289, '7_62e101954a3be', '753', 'sanwar mal', 'dayaram ji jat', '', '8000752860', 'delhi   dolpura', 0, '2100.00', 'ONLINE', '0', '', 1, 5, '', 7, '2022-07-27 14:42:53', '2022-07-04'),
(290, '7_62e102801dd12', '754', 'prakash', 'jodhraj ji jat', '', '8448718005', 'delhi   jorapura', 0, '5100.00', 'CASH', '0', '', 1, 4, '', 7, '2022-07-27 14:46:48', '2022-07-04'),
(291, '7_62e10301d9ad6', '755', 'gopal ji', 'mohan ji jat', '', '8302929729', 'delhi   keriya kheda', 0, '5100.00', 'CASH', '0', '', 1, 5, '', 7, '2022-07-27 14:48:57', '2022-07-04'),
(292, '7_62e104860224b', '757', 'sonu jat', 'jodhraj ji jat', '', '0000000000', 'delhi   jorapura', 0, '2100.00', 'CASH', '0', '', 1, 5, '', 7, '2022-07-27 14:55:26', '2022-07-04'),
(293, '7_62e10a52a049f', '758', 'dalu ji jat', 'champa ji jat', '', '9950838278', 'delhi   dolpura', 0, '5100.00', 'CASH', '0', '', 1, 4, '', 7, '2022-07-27 15:20:10', '2022-07-05'),
(294, '7_62e10ac42ec2d', '759', 'ganga ram ji jat', 'madhu ji', '', '9462724224', 'delhi   dolpura', 0, '7100.00', 'CASH', '0', '', 1, 4, '', 7, '2022-07-27 15:22:04', '2022-07-05');
INSERT INTO `app_donation` (`id`, `txn_id`, `ref_no`, `first_name`, `last_name`, `email`, `phone`, `city`, `donator_id`, `amount`, `type`, `cheque_no`, `online_transaction_details`, `category_id`, `account_id`, `details`, `created_by`, `created_on`, `date`) VALUES
(295, '7_62e10b3135659', '760', 'narayan ji', 'gopi ji jat', '', '9610500257', 'delhi   kodiya kheda', 0, '2100.00', 'CASH', '0', '', 1, 4, '', 7, '2022-07-27 15:23:53', '2022-07-05'),
(296, '7_62e10c08334fc', '761', 'rameshar', 'nanda ji jat', '', '0000000000', 'delhi   dolpura', 0, '500.00', 'CASH', '0', '', 1, 4, '', 7, '2022-07-27 15:27:28', '2022-07-05'),
(297, '7_62e10c782481c', '762', 'mahender sing', 'amar sing ji', '', '9929910783', 'delhi   jorapura', 0, '2100.00', 'CASH', '0', '', 1, 4, '', 7, '2022-07-27 15:29:20', '2022-07-05'),
(298, '7_62e10cedbe3e6', '763', 'mohan das ji', 'mangu das ji', '', '8107040310', 'delhi   dolpura', 0, '2100.00', 'CASH', '0', '', 1, 4, '', 7, '2022-07-27 15:31:17', '2022-07-05'),
(299, '7_62e10d91629a7', '764', 'ramswarup jat', 'bhanwar ji jat', '', '8112286330', 'danta', 88, '11111.00', 'ONLINE', '0', '', 1, 5, '', 7, '2022-07-27 15:34:01', '2022-07-05'),
(300, '7_62e10e0b4f08a', '765', 'narayan ji jat', 'devilal ji jat', '', '9784110387', 'delhi   thob ka kheda', 0, '11111.00', 'ONLINE', '0', '', 1, 5, '', 7, '2022-07-27 15:36:03', '2022-07-05'),
(301, '7_62e10e57aca63', '766', 'pappu ji', 'yadav', '', '0000000000', 'u p vale', 0, '100.00', 'CASH', '0', '', 1, 4, '', 7, '2022-07-27 15:37:19', '2022-07-05'),
(302, '7_62e10f303f6b3', '767', 'bheru', 'gangaram ji jat', '', '8000110760', 'danta', 89, '25000.00', 'ONLINE', '0', '', 1, 5, '', 7, '2022-07-27 15:40:56', '2022-07-05'),
(303, '7_62e1100f1895d', '768', 'narayan ji,bheru ji', 'kalyan ji jat', '', '9351617385', 'delhi   bhimdiyas', 0, '5100.00', 'CASH', '0', '', 1, 4, '', 7, '2022-07-27 15:44:39', '2022-07-05'),
(304, '7_62e110802eac7', '769', 'kishan ji', 'hardev ji jat', '', '7297972050', 'delhi   danta  dhunwala', 0, '2100.00', 'CASH', '0', '', 1, 4, '', 7, '2022-07-27 15:46:32', '2022-07-05'),
(305, '7_62e110f24ad61', '770', 'hardev ji', 'ramlal ji jat', '', '9521750690', 'delhi   bhimdiyas', 0, '5100.00', 'CASH', '0', '', 1, 4, '', 7, '2022-07-27 15:48:26', '2022-07-05'),
(306, '7_62e111534346e', '771', 'ratan ji', 'dayaram ji gujar', '', '9928407520', 'delhi   gundly', 0, '1100.00', 'CASH', '0', '', 1, 4, '', 7, '2022-07-27 15:50:03', '2022-07-05'),
(307, '7_62e111d496cce', '772', 'mahender sing ji', 'mithu sing ji', '', '9315841034', 'delhi   bhadu', 0, '5100.00', 'CASH', '0', '', 1, 4, '', 7, '2022-07-27 15:52:12', '2022-07-05'),
(308, '7_62e1125f8c1b2', '773', 'badri ji', 'panna lal ji jat', '', '8696363503', 'delhi   suwana', 0, '5100.00', 'ONLINE', '0', '', 1, 5, '', 7, '2022-07-27 15:54:31', '2022-07-05'),
(309, '7_62e112deaaede', '774', 'devilal jat', 'amarchand ji', '', '9672659216', 'delhi   chanked', 0, '1100.00', 'CASH', '0', '', 1, 4, '', 7, '2022-07-27 15:56:38', '2022-07-05'),
(310, '7_62e113405ebf4', '775', 'pappu ji', 'pyara ji kharol', '', '9950972288', 'delhi', 0, '550.00', 'CASH', '0', '', 1, 4, '', 7, '2022-07-27 15:58:16', '2022-07-05'),
(311, '7_62e113e9725d8', '776', 'narayan ji', 'ramlal ji tiwadi', '', '9625104742', 'gudgaav   bavdi', 0, '11111.00', 'ONLINE', '0', '', 1, 5, '', 7, '2022-07-27 16:01:05', '2022-07-05'),
(312, '7_62e114a69c4c0', '777', 'murly dhar ji', 'ramlal ji tiwadi', '', '9462061934', 'gudgaav   bavdi', 0, '2100.00', 'CASH', '0', '', 1, 4, '', 7, '2022-07-27 16:04:14', '2022-07-05'),
(313, '7_62e1160047cb4', '779', 'rampal ji', 'sohan ji jat', '', '6377766795', 'gudgaav   makdiyas', 0, '2100.00', 'ONLINE', '0', '', 1, 5, '', 7, '2022-07-27 16:10:00', '2022-07-05'),
(314, '7_62e116762b333', '780', 'sarvan ji', 'mangu ji jat', '', '8955766508', 'gudgaav   makdiyas', 0, '2100.00', 'CASH', '0', '', 1, 5, '', 7, '2022-07-27 16:11:58', '2022-07-05'),
(315, '7_62e116e54f737', '781', 'sarvan ji', 'magna ji jat', '', '0000000000', 'gudgaav   bhimlat', 0, '500.00', 'CASH', '0', '', 1, 4, '', 7, '2022-07-27 16:13:49', '2022-07-05'),
(316, '7_62e1175a45214', '782', 'ranglal ji', 'dhanraj ji jat', '', '9784556997', 'gudgaav   keriya kheda', 0, '7100.00', 'CASH', '0', '', 1, 5, '', 7, '2022-07-27 16:15:46', '2022-07-05'),
(317, '7_62e118172d27f', '783', 'harfool ji', 'gopi ji jat', '', '8107274020', 'gudgaav   aadarsh nagar', 0, '1100.00', 'ONLINE', '0', '', 1, 5, '', 7, '2022-07-27 16:18:55', '2022-07-05'),
(318, '7_62e1208fa4dfc', '785', 'prbhu das ji B', 'prajapati', '', '0000000000', 'ahmadabad', 0, '31000.00', 'ONLINE', '0', '', 1, 5, '', 7, '2022-07-27 16:55:03', '2022-07-10'),
(319, '7_62e1249012943', '164', 'rajesh badri basa', 'ridhi shidhi sweet', '', '9685695847', 'danta', 92, '51000.00', 'CHEQUE', '0', '', 1, 5, '', 7, '2022-07-27 17:12:08', '2022-06-30'),
(320, '7_62e12c8c8cfc0', '65', 'Pushkar singh', 'Ganpat singh ji', '', '6375805063', 'Danta', 74, '10000.00', 'CASH', '0', '', 1, 4, '', 7, '2022-07-27 17:46:12', '2022-07-15'),
(321, '7_62e1e3369d2c9', '', 'gopal', 'jagnath ji purohit', '', '9928436226', 'danta', 93, '31111.00', 'CASH', '0', '', 1, 4, '', 7, '2022-07-28 06:45:34', '2022-07-23'),
(322, '7_62e1e3aead774', '', 'gupt', 'dan', '', '0000000000', 'na', 0, '15151.00', 'CASH', '0', '', 1, 2, '', 7, '2022-07-28 06:47:34', '2022-07-23'),
(323, '7_62e1e4bacab4f', '', 'banshi lal', 'harnarayan ji jat', '', '9829786838', 'danta', 94, '21000.00', 'ONLINE', '0', '', 1, 5, '', 7, '2022-07-28 06:52:02', '2022-07-13'),
(324, '7_62f055f4ec05c', 'na', 'gopal sing ji', 'rajput', '', '0000000000', 'bhiloda', 0, '101.00', 'CASH', '0', '', 1, 4, '', 7, '2022-08-08 05:46:52', '2022-06-15'),
(325, '7_62f056de75c7e', 'na', 'mukesh bhai', 'rameshar lal ji', '', '9423464511', 'bhiloda', 0, '1111.00', 'CASH', '0', '', 1, 4, '', 7, '2022-08-08 05:50:46', '2022-06-15'),
(326, '7_62f0573388e66', 'na', 'rampal ji', 'mahajan', '', '9428977479', 'bhiloda', 0, '501.00', 'CASH', '0', '', 1, 4, '', 7, '2022-08-08 05:52:11', '2022-08-08'),
(327, '7_62f0578cd5f65', 'na', 'shatish', 'bhai', '', '9427697836', 'bhiloda', 0, '551.00', 'CASH', '0', '', 1, 4, '', 7, '2022-08-08 05:53:40', '2022-06-15'),
(328, '7_62f058f9388c2', '469', 'arvind ji', 'rajesh ji joshi', '', '7014142746', 'neem ka kheda', 0, '151.00', 'CASH', '0', '', 1, 4, '', 7, '2022-08-08 05:59:45', '2022-06-15'),
(329, '7_62f0599d3b572', '470', 'ashok ji', 'sharma', '', '7742111049', 'hishniya', 0, '100.00', 'CASH', '0', '', 1, 4, '', 7, '2022-08-08 06:02:29', '2022-06-15'),
(330, '7_62f05a35e08fb', '551', 'sanwar lal', 'murly ji bohra', '', '7742703083', 'mandvi   aameshar', 0, '1100.00', 'CASH', '0', '', 1, 4, '', 7, '2022-08-08 06:05:01', '2022-06-15'),
(331, '7_62f05b13e36e3', '552', 'laxman lal', 'mohan lal ji', '', '9601991511', 'rajpuri', 0, '3100.00', 'CASH', '0', '', 1, 4, '', 7, '2022-08-08 06:08:43', '2022-06-16'),
(333, '7_62f05c7bb5471', '471', 'gopal ji', 'jamana lal ji jat', '', '9928638962', 'suwana', 0, '1100.00', 'CASH', '0', '', 1, 4, '', 7, '2022-08-08 06:14:43', '2022-06-22'),
(334, '7_62f1aac9c449d', '767', 'bheru', 'gangaram ji jat', '', '8000110760', 'danta', 89, '26151.00', 'ONLINE', '0', '', 1, 5, '', 7, '2022-08-09 06:01:05', '2022-07-08'),
(335, '7_62f1ada4b0c4b', '472', 'kishan chand', 'soni', '', '9784828435', 'bhilwara', 0, '2100.00', 'CASH', '0', '', 1, 4, '', 7, '2022-08-09 06:13:16', '2022-07-19'),
(336, '7_62f1ae3f29215', '473', 'sushil ji', 'bheru lal ji ashawa', '', '9414979933', 'bhilwara', 0, '1001.00', 'CASH', '0', '', 1, 4, '', 7, '2022-08-09 06:15:51', '2022-07-19'),
(337, '7_62f1af204086c', 'na', 'bali devi', 'heera ji kumhar', '', '0000000000', 'bhadu', 0, '1100.00', 'CASH', '0', '', 1, 4, '', 7, '2022-08-09 06:19:36', '2022-08-06'),
(338, '7_62f2fcfe2fb63', '455', 'shiv ji', 'suthar', '', '0000000000', 'kadi shyana', 0, '511.00', 'CASH', '0', '', 1, 4, '', 7, '2022-08-10 06:04:06', '2022-06-06'),
(339, '7_62f2fd53ed45b', '456', 'mukesh', 'jangid', '', '0000000000', 'paldi   bhilwara', 0, '500.00', 'CASH', '0', '', 1, 4, '', 7, '2022-08-10 06:05:31', '2022-06-06'),
(340, '7_62f2fe704d914', 'na', 'gupt', 'dan', '', '0000000000', 'na', 0, '501.00', 'ONLINE', '0', '', 1, 5, 'vishnu prlad ji ne post dali', 7, '2022-08-10 06:10:16', '2022-06-08'),
(341, '7_62f2ffe8a0bc1', '458', 'rakesh ji', 'kothari', '', '0000000000', 'bhilwara   chandras', 0, '1111.00', 'CASH', '0', '', 1, 4, '', 7, '2022-08-10 06:16:32', '2022-06-06'),
(342, '7_62f30051908cd', '457', 'swatik', 'medicals', '', '0000000000', 'bhilwara', 0, '1101.00', 'CHEQUE', '0', '', 1, 5, '', 7, '2022-08-10 06:18:17', '2022-06-09'),
(343, '7_62fbd6153b78f', 'No', 'bhagwati lal', 'ganesh ji bohra', '', '9785427932', 'danta', 46, '31000.00', 'CASH', '0', '', 1, 4, '', 7, '2022-08-16 23:08:29', '2022-08-16'),
(344, '7_62fbd672bd63b', 'No', 'bhagirath ji', 'gordhan ji purohit', '', '7354950851', 'danta', 91, '11111.00', 'CASH', '0', '', 1, 4, '', 7, '2022-08-16 23:10:02', '2022-08-16'),
(345, '7_62fd8cea6cca1', 'na', 'kailash ji', 'kalyan ji upadhyay', '', '0000000000', 'akhapura', 0, '1100.00', 'CASH', '0', '', 1, 4, '', 7, '2022-08-18 06:20:50', '2022-08-09'),
(346, '7_62fd8d5114f24', 'na', 'shiv sing', 'bhanwar sing ji rajput', '', '0000000000', 'ramgadh', 0, '1111.00', 'CASH', '0', '', 1, 4, '', 7, '2022-08-18 06:22:33', '2022-08-09'),
(347, '7_62fd8db565362', 'na', 'hanuman ji ke', 'bhakt', '', '0000000000', 'danta', 0, '39200.00', 'CASH', '0', '', 1, 4, '', 7, '2022-08-18 06:24:13', '2022-08-13'),
(348, '7_62fd905f356bd', '461', 'rameshar ji', 'mangi lal ji tiwadi', '', '0000000000', 'kundiya khurd', 0, '500.00', 'CASH', '0', '', 1, 4, '', 7, '2022-08-18 06:35:35', '2022-06-09'),
(349, '7_62fd90c4b9422', '460', 'tirupati', 'medicals', '', '0000000000', 'bhilwara', 0, '500.00', 'CASH', '0', '', 1, 4, '', 7, '2022-08-18 06:37:16', '2022-06-09'),
(350, '7_62fd91534f504', '459', 'ajay ji suwalka', 'bheru lal ji', '', '0000000000', 'kalash', 0, '500.00', 'CASH', '0', '', 1, 4, '', 7, '2022-08-18 06:39:39', '2022-06-09'),
(351, '7_62fd91dec3a85', '462', 'bheru lal ji', 'nand lal ji kir', '', '0000000000', 'kodukota', 0, '501.00', 'CASH', '0', '', 1, 4, '', 7, '2022-08-18 06:41:58', '2022-06-09'),
(352, '7_62fd929c974d4', '463', 'navin ji', 'sitaram ji sharma', '', '7657856177', 'jaipur', 0, '500.00', 'CASH', '0', '', 1, 4, '', 7, '2022-08-18 06:45:08', '2022-06-10'),
(353, '7_62fd9359c016c', '464', 'shiv kumar ji shukla', 'pyar chand ji', '', '9413355499', 'bhilwara', 0, '1101.00', 'CASH', '0', '', 1, 4, '', 7, '2022-08-18 06:48:17', '2022-06-10'),
(354, '7_62fd9deaddc60', '465', 'jawan sing ji ranawat', 'shambu sing ji', '', '9829473822', 'bhilwara', 0, '1100.00', 'CASH', '0', '', 1, 4, '', 7, '2022-08-18 07:33:22', '2022-06-11'),
(355, '7_62fed2e3f3fdb', 'na', 'jagdish ji', 'chagan ji vyas', '', '0000000000', 'thabola', 0, '1100.00', 'CASH', '0', '', 1, 4, '', 7, '2022-08-19 05:31:39', '2022-08-18'),
(356, '7_62fed42ff13a2', 'na', 'bhanwar  ji', 'choga ji gadri', '', '3216548523', 'danta', 95, '21000.00', 'ONLINE', '0', '', 1, 5, '', 7, '2022-08-19 05:37:11', '2022-08-18'),
(357, '7_62fed61c64123', '140', 'saras dairy', 'jojva', '', '0000000000', 'jaova', 0, '251.00', 'CASH', '0', '', 1, 4, '', 7, '2022-08-19 05:45:24', '2022-06-14'),
(358, '7_62fed69f907b4', '141', 'banvir sing ji', 'onkar sing ji', '', '7597551011', 'dhakad khedi', 0, '1100.00', 'CASH', '0', '', 1, 4, '', 7, '2022-08-19 05:47:35', '2022-06-14'),
(359, '7_62fed730a3e10', '142', 'devilal ahir', 'jamana lal ahir', '', '9214552336', 'bholi', 0, '1000.00', 'CASH', '0', '', 1, 4, '', 7, '2022-08-19 05:50:00', '2022-06-14'),
(360, '7_62fed7b7dd42c', '143', 'dharmichand ji', 'ramchander ji jat', '', '9828133288', 'raysing pura', 0, '551.00', 'CASH', '0', '', 1, 4, '', 7, '2022-08-19 05:52:15', '2022-06-14'),
(361, '7_62fed839155fc', '144', 'sanwariya ji gujar', 'kana ram ji', '', '8209005524', 'kankroliya ghati', 0, '2100.00', 'CASH', '0', '', 1, 4, '', 7, '2022-08-19 05:54:25', '2022-06-14'),
(362, '7_62fed8ab5f7ef', '146', 'suresh ji tailor', 'ladu ji', '', '9602641274', 'motipur', 0, '5100.00', 'CASH', '0', '', 1, 4, '', 7, '2022-08-19 05:56:19', '2022-06-14'),
(363, '7_62fed90885d8a', '145', 'gopal ji vaishnav', 'jamana ji', '', '0000000000', 'motipura', 0, '5100.00', 'CASH', '0', '', 1, 4, '', 7, '2022-08-19 05:57:52', '2022-06-14'),
(364, '7_62fed98242410', '147', 'kamlesh ji', 'girdhari ji', '', '0000000000', 'badla   ashind', 0, '5100.00', 'CASH', '0', '', 1, 4, '', 7, '2022-08-19 05:59:54', '2022-06-14'),
(365, '7_62fed9df5320a', '148', 'rameshar', 'ji', '', '0000000000', 'bavdi', 0, '1100.00', 'CASH', '0', '', 1, 4, '', 7, '2022-08-19 06:01:27', '2022-06-14'),
(366, '7_62feda3211a8c', '149', 'sanwar mal gujar', 'narayan ji', '', '0000000000', 'chechi kheda', 0, '1100.00', 'CASH', '0', '', 1, 4, '', 7, '2022-08-19 06:02:50', '2022-06-14'),
(367, '7_62feda964fea4', '150', 'suresh mali', 'ramchander ji', '', '7023313769', 'khardi', 0, '5100.00', 'CASH', '0', '', 1, 4, '', 7, '2022-08-19 06:04:30', '2022-06-14'),
(368, '7_62ff1fbd42bd9', '441', 'Prem sukh', 'Gokal ji bohra', '', '9427793681', 'Danta', 96, '11151.00', 'ONLINE', '0', '', 1, 5, '', 7, '2022-08-19 10:59:33', '2022-06-10'),
(369, '7_62ff202d3f067', '441', 'Prem sukh', 'Gokal ji bohra', '', '9427793681', 'Danta', 96, '10000.00', 'ONLINE', '0', '', 1, 5, '', 7, '2022-08-19 11:01:25', '2022-08-19'),
(370, '7_63057641f0645', '139', 'mahadev', 'ugma ji jat', '', '0000000000', 'dhunwala', 0, '5151.00', 'CASH', '0', '', 1, 4, '', 7, '2022-08-24 06:22:17', '2022-06-13'),
(371, '7_630576ca0745d', '138', 'pawan sing ji', 'gopal sing ji', '', '0000000000', 'malola', 0, '5151.00', 'CASH', '0', '', 1, 4, '', 7, '2022-08-24 06:24:34', '2022-06-13'),
(372, '7_6305773ad864b', '137', 'radheshyam', 'devi ji jat', '', '0000000000', 'baleshriya', 0, '5151.00', 'CASH', '0', '', 1, 4, '', 7, '2022-08-24 06:26:26', '2022-06-13'),
(373, '7_630577be4cc26', '131', 'sri charbhuja', 'road line', '', '0000000000', 'motipur', 0, '5100.00', 'CASH', '0', '', 1, 4, '', 7, '2022-08-24 06:28:38', '2022-06-13'),
(374, '7_63057820ba9c4', '132', 'sri charbhuja', 'nath', '', '0000000000', 'motipur', 0, '5100.00', 'CASH', '0', '', 1, 4, '', 7, '2022-08-24 06:30:16', '2022-06-13'),
(375, '7_63057890491db', '133', 'jamana lal', 'magna ji gujar', '', '0000000000', 'chatri kheda', 0, '5100.00', 'CASH', '0', '', 1, 4, '', 7, '2022-08-24 06:32:08', '2022-06-13'),
(376, '7_63057920eb451', '134', 'puran mal goswami', 'gopal ji', '', '0000000000', 'badla   aasind', 0, '5151.00', 'CASH', '0', '', 1, 4, '', 7, '2022-08-24 06:34:32', '2022-06-13'),
(377, '7_630579a589f58', '135', 'nema ram ji', 'mali', '', '0000000000', 'bhilwara', 0, '500.00', 'CASH', '0', '', 1, 4, '', 7, '2022-08-24 06:36:45', '2022-06-13'),
(378, '7_630579fa577a1', '136', 'bhanwar sing ji', 'lal sing ji', '', '0000000000', 'tiloli', 0, '251.00', 'CASH', '0', '', 1, 4, '', 7, '2022-08-24 06:38:10', '2022-06-13'),
(379, '7_63057af8843d0', '468', 'om prakash ji', 'sohan lal ji garg', '', '8890033255', 'bhilwara', 0, '500.00', 'CASH', '0', '', 1, 4, '', 7, '2022-08-24 06:42:24', '2022-06-12'),
(380, '7_63057ba44bae7', '467', 'rajender ji', 'dev chand ji parik', '', '9928243225', 'bhilwara', 0, '500.00', 'CASH', '0', '', 1, 4, '', 7, '2022-08-24 06:45:16', '2022-06-12'),
(381, '7_63057c3c9806b', '466', 'bhanwar lal', 'chagan lal jethliya', '', '9982707757', 'bhilwara', 0, '1100.00', 'CASH', '0', '', 1, 4, '', 7, '2022-08-24 06:47:48', '2022-06-12'),
(382, '7_630e3fced6805', '516', 'prem shankar', 'radhe shyam ganesh kaka ji', '', '7742860800', 'danta', 86, '51150.00', 'CASH', '0', '', 1, 4, '', 7, '2022-08-30 22:20:22', '2022-08-30'),
(383, '7_631caf5b804b3', 'No', 'shyam lal', 'compounder', '', '9460966575', 'jorapura', 7, '300000.00', 'CASH', '0', '', 1, 4, 'Marbal & rajistry ke time', 7, '2022-09-10 21:08:03', '2022-09-10'),
(384, '7_6320b49bb7d6e', 'No', 'Kashi lal ji', 'Ganesh ji purohit', '', '9461025633', 'Bhilwara', 27, '20000.00', 'CASH', '0', '', 1, 4, '', 7, '2022-09-13 22:19:31', '2022-09-14'),
(385, '7_63240478df635', 'No', 'chagan ji', 'bhura lal ji', '', '9413402936', 'danta', 50, '14000.00', 'CASH', '0', '', 1, 4, '', 7, '2022-09-16 10:37:04', '2022-09-14'),
(386, '7_63244adbbfe2f', 'na', 'shankar ji', 'karigar', '', '0000000000', 'gegas', 0, '1100.00', 'CASH', '0', '', 1, 4, '', 7, '2022-09-16 15:37:23', '2022-07-23'),
(387, '7_63244b499795a', 'na', 'gupt', 'dan', '', '0000000000', 'na', 0, '300.00', 'CASH', '0', '', 1, 4, '', 7, '2022-09-16 15:39:13', '2022-07-23'),
(388, '7_63244bff21226', 'na', 'gupt', 'dan', '', '0000000000', 'ratlam', 0, '200.00', 'CASH', '0', '', 1, 4, '', 7, '2022-09-16 15:42:15', '2022-08-09'),
(389, '7_63245de52d52a', 'na', 'badri ji', 'doliya', '', '0000000000', 'mod ka nimbeda', 0, '51000.00', 'CASH', '0', '', 1, 4, '', 7, '2022-09-16 16:58:37', '2022-08-30'),
(390, '7_63245e3be119c', 'na', 'ramesar ji', 'heera lal ji doliya', '', '0000000000', 'mod ka nimbeda', 0, '51000.00', 'CASH', '0', '', 1, 4, '', 7, '2022-09-16 17:00:03', '2022-08-30'),
(391, '7_63254e7fcaccd', '', 'Jagdish satu', 'shankar lal ji', '', '3245632456', 'danta', 42, '10351.00', 'ONLINE', '0', '', 1, 5, '', 7, '2022-09-17 10:05:11', '2022-09-17'),
(392, '7_632adc3948ba3', '787', 'Leela dhar', 'Panna ji bohra', '', '4565676789', 'Danta', 97, '21111.00', 'CASH', '0', '', 1, 4, '', 7, '2022-09-21 15:11:13', '2022-09-20'),
(393, '7_636320916172e', '799', 'Shoba lal ji', 'Hajari ji suthar', '', '5643217890', 'Danta', 103, '11151.00', 'CASH', '0', '', 1, 4, '', 7, '2022-11-03 07:29:45', '2022-10-21'),
(394, '7_636b156d8ea48', 'na', 'ganesh', 'harishchander ji', '', '9928807890', 'danta', 45, '21111.00', 'CASH', '0', '', 1, 4, '', 7, '2022-11-09 08:20:21', '2022-10-27'),
(395, '7_636b1683a9134', '', 'kalu', 'balu ram ji bohra', '', '3563258961', 'danta', 105, '21000.00', 'CASH', '0', '', 1, 4, '', 7, '2022-11-09 08:24:59', '2022-10-27'),
(396, '7_636b172e8f00d', '953', 'banshi lal ji', 'mohan ji prajapat', '', '2358965322', 'rajpura', 0, '5100.00', 'CASH', '0', '', 1, 4, '', 7, '2022-11-09 08:27:50', '2022-10-26'),
(397, '7_636b206ba7ebb', '514', 'satu bhai', 'sohan ji purohit', '', '8780098239', 'danta', 85, '55555.00', 'CASH', '0', '', 1, 4, '', 7, '2022-11-09 09:07:15', '2022-10-29'),
(398, '7_636b215f18409', '436', 'bhojraj', 'deva ji gujar', '', '2369852478', 'bhaldi kheda', 0, '5100.00', 'CASH', '0', '', 1, 4, '', 7, '2022-11-09 09:11:19', '2022-11-02'),
(399, '7_636b21e09ae74', '803', 'niharika ji', 'kailash ji pandiya', '', '2369856325', 'dota', 0, '1100.00', 'CASH', '0', '', 1, 4, '', 7, '2022-11-09 09:13:28', '2022-11-06'),
(400, '7_636bb7bdad771', '302', 'gupt', 'dan', '', '2345698752', 'no', 0, '500.00', 'CASH', '0', '', 1, 2, '', 7, '2022-11-09 19:52:53', '2022-03-28'),
(401, '7_636bb93e33415', '301', 'rameshar ji vyas', 'sadul ji', '', '1236987456', 'bhilwara  akhepura', 0, '2100.00', 'CASH', '0', '', 1, 2, '', 7, '2022-11-09 19:59:18', '2022-04-24'),
(402, '7_636bbb7e88dd9', '373', 'mangi bai chandu dada', 'dwarka ji', '', '2365897426', 'ratlam', 0, '21111.00', 'CASH', '0', '', 1, 2, '', 7, '2022-11-09 20:08:54', '2022-09-02'),
(403, '7_636bbdbe022e1', 'na', 'hem raj ji', 'gadri', '', '1239635478', 'bavdi', 0, '200.00', 'CASH', '0', '', 1, 2, '', 7, '2022-11-09 20:18:30', '2022-10-11'),
(404, '7_636bbe220524b', 'na', 'shantok jiji', 'sitaram ji', '', '1239687456', 'bhimdiyas', 0, '1100.00', 'CASH', '0', '', 1, 2, '', 7, '2022-11-09 20:20:10', '2022-10-17'),
(405, '7_636bbe9dc47e2', 'na', 'bajrang', 'shound', '', '1235698563', 'danta', 106, '2100.00', 'CASH', '0', '', 1, 2, '', 7, '2022-11-09 20:22:13', '2022-10-22'),
(406, '7_638e874f7e2e3', 'No', 'Badri lal', 'Ranchod ji purohit', '', '3453217890', 'Danta', 98, '51150.00', 'CASH', '0', '', 1, 4, '', 7, '2022-12-06 05:35:35', '2022-12-05'),
(407, '7_638f0e131445d', '57', 'ramprasad', 'shankar lal ji panday', '', '8005981335', 'danta', 39, '30000.00', 'CASH', '0', '', 1, 4, '', 7, '2022-12-06 15:10:35', '2022-06-17'),
(408, '7_638f19f9ae2d9', '413', 'ramswrup', 'kashi lal ji vyas', '', '9960063557', 'shirpur luhariya', 0, '11000.00', 'CHEQUE', '0', '', 1, 5, '', 7, '2022-12-06 16:01:21', '2022-12-06'),
(409, '7_6395599801823', '800', 'Jagdish ji', 'Shankar lal ji panday', '', '9876543890', 'Danta', 104, '51151.00', 'CASH', '0', '', 1, 4, '', 7, '2022-12-11 09:46:24', '2022-12-11'),
(410, '7_639c15c573961', '814', 'Prlad ji', 'Hajari ji tiwadi', '', '9001469619', 'bhilwara bavadi', 0, '5100.00', 'CASH', '0', '', 1, 4, '', 7, '2022-12-16 12:22:53', '2022-12-16'),
(411, '7_63a04567a3673', '351', 'gopal dinesh', 'jagdish bhai sab', '', '7014961309', 'danta  shambu pura', 108, '11000.00', 'CASH', '0', '', 1, 4, '', 7, '2022-12-19 16:35:11', '2022-06-01'),
(412, '7_63a046a466758', '72', 'gopal', 'ram narayan ji suthar', '', '9509543055', 'danta', 41, '26000.00', 'CHEQUE', '0', '', 1, 5, '', 7, '2022-12-19 16:40:28', '2022-09-19'),
(413, '7_63a049d379120', 'na', 'gupt dan', 'cheq 001650', '', '0000000000', 'na', 0, '1101.00', 'CHEQUE', '0', '', 1, 5, '', 7, '2022-12-19 16:54:03', '2022-06-09'),
(414, '7_63a04cce1fcfb', '778', 'shantilal', 'satu vyas', '', '8306341730', 'danta', 90, '11111.00', 'CHEQUE', '0', '', 1, 5, '', 7, '2022-12-19 17:06:46', '2022-10-17'),
(415, '7_63a04d9e584eb', 'na', 'ladu', 'sohan bhai ji', '', '0000000000', 'danta', 0, '500.00', 'CASH', '0', '', 1, 2, 'ret le gaya', 7, '2022-12-19 17:10:14', '2022-12-03'),
(416, '7_63a04dfdc37c0', 'na', 'neem', 'bechi', '', '0000000000', 'danta', 0, '500.00', 'CASH', '0', '', 1, 2, 'neem bechi', 7, '2022-12-19 17:11:49', '2022-12-06'),
(417, '7_63a052681b828', '786', 'gupt', 'dan', '', '0000000000', 'na', 0, '1100.00', 'CASH', '0', '', 1, 4, '', 7, '2022-12-19 17:30:40', '2022-09-20'),
(418, '7_63a0531808a0d', '788', 'nanu ram ji', 'hajari ji purohit', '', '0000000000', 'danta', 0, '5100.00', 'CASH', '0', '', 1, 4, '', 7, '2022-12-19 17:33:36', '2022-10-20'),
(419, '7_63a0549327883', '789', 'laxman ji', 'suthar', '', '0000000000', 'kankoliya', 0, '2100.00', 'CASH', '0', '', 1, 4, '', 7, '2022-12-19 17:39:55', '2022-11-26'),
(420, '7_63a054eb1f9c7', '790', 'sampat ji', 'shri lal ji', '', '0000000000', 'luhariya', 0, '1100.00', 'CASH', '0', '', 1, 4, '', 7, '2022-12-19 17:41:23', '2022-10-10'),
(421, '7_63a05529be8b6', 'na', 'pankaj sen', 'udayram ji sen', '', '9166917980', 'danta', 80, '11000.00', 'CASH', '0', '', 1, 4, '', 7, '2022-12-19 17:42:25', '2022-10-18'),
(422, '7_63a055e801b5d', '801', 'jasu devi', 'heera lal ji tiwadi', '', '0000000000', 'bhadu', 0, '500.00', 'CASH', '0', '', 1, 4, '', 7, '2022-12-19 17:45:36', '2022-11-06'),
(423, '7_63a0563955405', '802', 'keli devi', 'panna lal ji joshi', '', '0000000000', 'dhunwala', 0, '500.00', 'CASH', '0', '', 1, 4, '', 7, '2022-12-19 17:46:57', '2022-11-06'),
(424, '7_63a0570c322bd', '804', 'bheru', 'nanu ji gujar', '', '0000000000', 'khepda kheda', 0, '1100.00', 'CASH', '0', '', 1, 4, '', 7, '2022-12-19 17:50:28', '2022-11-09'),
(425, '7_63c4a52f5be24', 'na', 'shyam lal', 'compounder', '', '9460966575', 'jorapura', 7, '290414.00', 'CASH', '0', '', 1, 1, '', 7, '2023-01-16 06:45:27', '2023-01-15'),
(428, '7_63c74db4c1e02', '815', 'sumitra', 'dinesh ji pawana', '', '0000000000', 'bhilwara dhunwala', 0, '10111.00', 'CASH', '0', '', 1, 4, '', 7, '2023-01-18 07:09:00', '2022-12-16'),
(429, '7_63c74fde8b9e5', '816', 'narayan ji tiwadi', 'badri lal ji', '', '9799113608', 'bhilwara bavadi', 0, '5100.00', 'CASH', '0', '', 1, 4, '', 7, '2023-01-18 07:18:14', '2022-12-16'),
(430, '7_63c75052a6687', '817', 'sohan lal ji', 'madhu lal ji sharma', '', '9887253198', 'bhilwara potla', 0, '501.00', 'CASH', '0', '', 1, 4, '', 7, '2023-01-18 07:20:10', '2022-12-16'),
(431, '7_63c750b729154', '818', 'radhe shyam ji', 'prem sukh ji joshi', '', '9928438196', 'bhilwara ramgad', 0, '3100.00', 'CASH', '0', '', 1, 4, '', 7, '2023-01-18 07:21:51', '2022-12-16'),
(432, '7_63c751429a44c', '819', 'madhu jijaji', 'chagan lal ji', '', '9824639018', 'bhilwara naran kheda', 0, '11111.00', 'CASH', '0', '', 1, 4, '', 7, '2023-01-18 07:24:10', '2022-12-16'),
(433, '7_63c751c33b4a7', '820', 'kanhaiyalal ji', 'mangi lal ji pandiya', '', '9252228073', 'bhilwara sahada', 0, '2100.00', 'CASH', '0', '', 1, 4, '', 7, '2023-01-18 07:26:19', '2022-12-16'),
(434, '7_63c752303d5c8', '821', 'ganesh ji', 'gopal ji arjun ji', '', '8955570562', 'bhilwara akhepura', 0, '11111.00', 'CASH', '0', '', 1, 4, '', 7, '2023-01-18 07:28:08', '2022-12-16'),
(435, '7_63c752bb6aecb', '822', 'ramprashad ji', 'nandram ji sharma', '', '9414436753', 'bhilwara thabola', 0, '2100.00', 'CASH', '0', '', 1, 4, '', 7, '2023-01-18 07:30:27', '2022-12-16'),
(436, '7_63c75343d232f', '825', 'satyanarayan ji', 'prathviraj ji upadhyay', '', '0000000000', 'bhilwara aameshar', 0, '1100.00', 'CASH', '0', '', 1, 4, '', 7, '2023-01-18 07:32:43', '2022-12-16'),
(437, '7_63c7539481e5d', '824', 'gupt', 'dan', '', '0000000000', 'bhilwara', 0, '1100.00', 'CASH', '0', '', 1, 4, '', 7, '2023-01-18 07:34:04', '2022-12-16'),
(438, '7_63c75471b5655', 'na', 'bheru lal ji', 'javahar ji daroga', '', '3578965435', 'danta', 110, '5100.00', 'ONLINE', '0', '', 1, 5, '', 7, '2023-01-18 07:37:45', '2022-12-25'),
(439, '7_63c754e3e706b', '826', 'karishna ji chodhari', 'hari sing ji', '', '0000000000', 'bhilwara', 0, '5100.00', 'CASH', '0', '', 1, 4, '', 7, '2023-01-18 07:39:39', '2022-12-28'),
(440, '7_63c7558307051', '861', 'tulsi das ji maharaj', 'shital aashram', '', '8278653486', 'pushkar', 0, '100000.00', 'CASH', '0', '', 1, 4, '', 7, '2023-01-18 07:42:19', '2023-01-04'),
(443, '7_6415aa426c0c1', '808', 'gopal ghisha ji', 'bohara', '', '1239635784', 'danta', 111, '5100.00', 'CASH', '0', '', 1, 4, '', 7, '2023-03-18 17:40:42', '2022-11-15'),
(444, '7_6415aac8a931f', '809', 'kashi lal', 'kanhailal purohit', '', '1239687456', 'danta', 112, '5100.00', 'CASH', '0', '', 1, 4, '', 7, '2023-03-18 17:42:56', '2022-11-15'),
(445, '7_6415ab4c52d55', '810', 'bhagwan kanakmal ji', 'purohit', '', '8745987563', 'danta', 113, '5100.00', 'CASH', '0', '', 1, 4, '', 7, '2023-03-18 17:45:08', '2022-11-18'),
(446, '7_6415aca8817b4', '813', 'vijay kumar suresh kumar ji', 'parashar', '', '0000000000', 'bhilwara', 0, '5100.00', 'CASH', '0', '', 1, 4, '', 7, '2023-03-18 17:50:56', '2022-12-16'),
(447, '7_6415ae3c81d53', '823', 'gupt', 'dan', '', '0000000000', 'bhilwara', 0, '101.00', 'CASH', '0', '', 1, 4, '', 7, '2023-03-18 17:57:40', '2022-12-16'),
(448, '7_6415b1184d110', '851', 'madan ji', 'shankar ji panday', '', '2365789541', 'danta', 114, '5100.00', 'CASH', '0', '', 1, 4, '', 7, '2023-03-18 18:09:52', '2023-01-04'),
(449, '7_6415b1a1c4881', '852', 'rajender ji', 'ramprashad ji', '', '0000000000', 'kanchan factory', 0, '20.00', 'CASH', '0', '', 1, 4, '', 7, '2023-03-18 18:12:09', '2023-01-04'),
(450, '7_6415b24d2e75a', '853', 'vishnu madan ji', 'pandaya', '', '1237896541', 'danta', 115, '2100.00', 'CASH', '0', '', 1, 4, '', 7, '2023-03-18 18:15:01', '2023-01-04'),
(451, '7_6415b2973e148', '854', 'ujjval ji', 'sharma', '', '0000000000', 'bhilwara', 0, '500.00', 'CASH', '0', '', 1, 4, '', 7, '2023-03-18 18:16:15', '2023-01-04'),
(452, '7_6415b2da4c0b2', '855', 'arun ji', 'choudhary', '', '0000000000', 'bhilwara', 0, '100.00', 'CASH', '0', '', 1, 4, '', 7, '2023-03-18 18:17:22', '2023-01-04'),
(453, '7_6415b370924a1', '856', 'anuradha vishnu', 'madan ji pandaya', '', '0000000000', 'danta', 0, '400.00', 'CASH', '0', '', 1, 4, '', 7, '2023-03-18 18:19:52', '2023-01-04'),
(454, '7_6415b3c88c202', '857', 'madhusudan vishnu', 'madan ji panday', '', '0000000000', 'danta', 0, '500.00', 'CASH', '0', '', 1, 4, '', 7, '2023-03-18 18:21:20', '2023-01-04'),
(455, '7_6415b4474bfb5', '858', 'shiv ji', 'ladulal ji', '', '0000000000', 'mod ka nimbera', 0, '51.00', 'CASH', '0', '', 1, 4, '', 7, '2023-03-18 18:23:27', '2023-01-04'),
(456, '7_6415b505882bd', '859', 'bhoju ji', 'shivraj ji sharma', '', '0000000000', 'mod ka nimbera', 0, '201.00', 'CASH', '0', '', 1, 4, '', 7, '2023-03-18 18:26:37', '2023-01-04'),
(457, '7_6415b55665ce5', '860', 'bhanwar ji', 'kashi lal ji', '', '0000000000', 'chattar pur kota', 0, '100.00', 'CASH', '0', '', 1, 4, '', 7, '2023-03-18 18:27:58', '2023-01-04'),
(458, '7_6418fa61d2d96', '180', 'udayram', 'joshi', '', '0000000000', 'luhariya', 0, '200.00', 'CASH', '0', '', 1, 4, 'mayara', 7, '2023-03-21 05:59:21', '2023-02-07'),
(459, '7_6418faf957e79', '862', 'harnarayan ji', 'nandram ji joshi', '', '0000000000', 'danta', 0, '1100.00', 'CASH', '0', '', 1, 4, '', 7, '2023-03-21 06:01:53', '2023-02-09'),
(460, '7_6418fb5c094b8', '863', 'pralad ji', 'gajanand ji joshi', '', '0000000000', 'dhunwala', 0, '1000.00', 'CASH', '0', '', 1, 4, '', 7, '2023-03-21 06:03:32', '2023-02-09'),
(461, '7_6418fc90b1786', '865', 'satu bhai', 'sohan ji purohit', '', '0000000000', 'danta', 0, '1000.00', 'CASH', '0', '', 1, 4, '', 7, '2023-03-21 06:08:40', '2023-02-09'),
(462, '7_6418fcfe8b75a', '864', 'balkishan ji', 'rameshar ji tiwadi', '', '0000000000', 'bhadu', 0, '500.00', 'CASH', '0', '', 1, 4, '', 7, '2023-03-21 06:10:30', '2023-02-09'),
(464, '7_6419027c229ec', '955', 'rampal bheru ji', 'purohit', '', '0000000000', 'danta', 0, '1100.00', 'CASH', '0', '', 1, 4, 'beti ki shadi me', 7, '2023-03-21 06:33:56', '2023-02-09'),
(465, '7_6419032eb9d1e', '182', 'radhe shyam', 'dalchand ji vyas', '', '0000000000', 'danta', 0, '200.00', 'CASH', '0', '', 1, 4, 'beti ki shadi me', 7, '2023-03-21 06:36:54', '2023-02-10'),
(466, '7_6419037cbd4f1', 'na', 'gupt', 'dan', '', '0000000000', 'na', 0, '2000.00', 'CASH', '0', '', 1, 4, '', 7, '2023-03-21 06:38:12', '2023-02-10'),
(467, '7_641905653a00b', '183', 'ladu lal ji', 'nanu ram ji tadba', '', '0000000000', 'mandal', 0, '1100.00', 'CASH', '0', '', 1, 4, '', 7, '2023-03-21 06:46:21', '2023-02-19'),
(468, '7_641905f9c6951', '184', 'kailash', 'kanhaiya lal ji pandaya', '', '0000000000', 'danta', 0, '1100.00', 'CASH', '0', '', 7, 4, '', 7, '2023-03-21 06:48:49', '2023-02-19'),
(469, '7_641906e5aa1dd', '331', 'amarchand ji', 'ugama ji gujar', '', '0000000000', 'bhaldi kheda', 0, '21000.00', 'CASH', '0', '', 1, 4, '', 7, '2023-03-21 06:52:45', '2023-03-02'),
(470, '7_64190747457ac', '956', 'bhoja ji', 'narayan ji gadri', '', '0000000000', 'tala ka kheda', 0, '2100.00', 'CASH', '0', '', 1, 4, '', 7, '2023-03-21 06:54:23', '2023-03-03'),
(471, '7_641907907db6a', 'na', 'Leeladhar', 'Kanhaiya lal ji purohit', '', '8900778909', 'Danta', 101, '5100.00', 'CASH', '0', '', 1, 4, '', 7, '2023-03-21 06:55:36', '2023-03-03'),
(472, '7_641908b35280b', '185', 'vishnu', 'jagdish maraj', '', '0000000000', 'danta', 0, '1100.00', 'CASH', '0', '', 1, 4, 'chanda ki shadi', 7, '2023-03-21 07:00:27', '2023-03-03'),
(473, '7_641a64eeb4933', '181', 'jay bairath maining', 'company', '', '1258965412', 'thob ka kheda', 116, '11111.00', 'ONLINE', '0', '', 1, 5, '', 7, '2023-03-22 07:46:14', '2023-02-11'),
(474, '7_641a6538bebf8', '181', 'jay bairath maining', 'company', '', '1258965412', 'thob ka kheda', 116, '100000.00', 'ONLINE', '0', '', 1, 5, '', 7, '2023-03-22 07:47:28', '2023-02-13'),
(475, '7_641a670bcacbf', '827', 'ganesh', 'balu ram ji sharma', '', '0000000000', 'danta', 0, '1100.00', 'CASH', '0', '', 1, 4, 'shadi vivah', 7, '2023-03-22 07:55:15', '2023-03-15'),
(476, '7_641a6ce7484bc', '65', 'Pushkar singh', 'Ganpat singh ji', '', '6375805063', 'Danta', 74, '11000.00', 'CASH', '0', '', 1, 4, '', 7, '2023-03-22 08:20:15', '2023-03-16'),
(477, '7_641cf9093ba4b', 'na', 'Jagdish satu', 'shankar lal ji', '', '3245632456', 'danta', 42, '10400.00', 'ONLINE', '0', '', 1, 5, '', 7, '2023-03-24 06:42:41', '2023-03-07'),
(478, '7_641cf9ec70942', 'na', 'Jagdish satu', 'shankar lal ji', '', '3245632456', 'danta', 42, '3161.00', 'ONLINE', '0', '', 1, 5, '351 pr month se 9 mah ke', 7, '2023-03-24 06:46:28', '2023-03-07'),
(479, '7_641cfada55774', '829', 'banshi', 'ratan ji upadhyay', '', '0000000000', 'bhilwara akhapura', 0, '1100.00', 'CASH', '0', '', 1, 4, '', 7, '2023-03-24 06:50:26', '2023-03-12'),
(480, '7_641cfb8c45fd4', '830', 'kalu ji', 'chaturbhuj ji vyas', '', '9772537299', 'bhilwara naran kheda', 0, '7100.00', 'CASH', '0', '', 1, 4, '', 7, '2023-03-24 06:53:24', '2023-03-11'),
(481, '7_641cfc0814ffd', '831', 'pawan medical', 'satu ji', '', '9413149202', 'bhilwara bera', 0, '11000.00', 'CASH', '0', '', 1, 4, '', 7, '2023-03-24 06:55:28', '2023-03-11'),
(482, '7_641cfc8970b84', '833', 'gupt', 'dan', '', '0000000000', 'bhilwara', 0, '1100.00', 'CASH', '0', '', 1, 4, '', 7, '2023-03-24 06:57:37', '2023-03-11'),
(483, '7_641cfcfdbaed6', '834', 'madu ji', 'ghisha ji jat', '', '9214824533', 'bhilwara bholi', 0, '2100.00', 'CASH', '0', '', 1, 4, '', 7, '2023-03-24 06:59:33', '2023-03-11'),
(484, '7_641cfe2f19de0', '836', 'tirupati feeling', 'love garden', '', '0000000000', 'bhilwara', 0, '5100.00', 'CASH', '0', '', 1, 4, '', 7, '2023-03-24 07:04:39', '2023-03-11'),
(485, '7_641cfe855aca4', '837', 'rajesh ji sanjay ji', 'mohan ji', '', '0000000000', 'bhilwara rajiyas', 0, '2100.00', 'CASH', '0', '', 1, 4, '', 7, '2023-03-24 07:06:05', '2023-03-11'),
(486, '7_641cff88ce88b', '841', 'sbi card', 'staff', '', '9950946391', 'bhilwara', 0, '2100.00', 'CASH', '0', '', 1, 4, '', 7, '2023-03-24 07:10:24', '2023-03-11'),
(487, '7_641d0001178e0', '843', 'narayan ji', 'parbhudayal ji sharma', '', '0000000000', 'bhilwara rama vihar', 0, '1100.00', 'CASH', '0', '', 1, 4, '', 7, '2023-03-24 07:12:25', '2023-03-11'),
(488, '7_641d005dc390f', '844', 'hemraj ji', 'jagdish ji', '', '0000000000', 'bhilwara', 0, '1100.00', 'CASH', '0', '', 1, 4, '', 7, '2023-03-24 07:13:57', '2023-03-11'),
(489, '7_641d00e34d321', '845', 'sharma janaral', 'stor', '', '0000000000', 'bhilwara', 0, '501.00', 'CASH', '0', '', 1, 4, '', 7, '2023-03-24 07:16:11', '2023-03-11'),
(490, '7_641d0154da493', '846', 'ladu lal ji', 'kanhailal ji pandaya', '', '0000000000', 'bhilwara bavadi', 0, '1100.00', 'CASH', '0', '', 1, 4, '', 7, '2023-03-24 07:18:04', '2023-03-11'),
(491, '7_641d01b6788b9', '847', 'bajrang chitra bhandar', 'pyarchand ji laxkar', '', '0000000000', 'bhilwara', 0, '1100.00', 'CASH', '0', '', 1, 4, '', 7, '2023-03-24 07:19:42', '2023-03-11'),
(492, '7_641d021a4f4f0', '848', 'sajjan kanwar', 'balu singh ji', '', '0000000000', 'bhilwara', 0, '1100.00', 'CASH', '0', '', 1, 4, '', 7, '2023-03-24 07:21:22', '2023-03-12'),
(493, '7_641d029c13612', 'na', 'Kashi lal ji', 'Ganesh ji purohit', '', '9461025633', 'Bhilwara', 27, '50000.00', 'ONLINE', '0', '', 1, 5, 'rcc hetu udhar diya', 7, '2023-03-24 07:23:32', '2023-03-15'),
(494, '7_641d02df9a0ca', 'na', 'Kashi lal ji', 'Ganesh ji purohit', '', '9461025633', 'Bhilwara', 27, '50000.00', 'ONLINE', '0', '', 1, 5, 'rcc hetu udhar diya', 7, '2023-03-24 07:24:39', '2023-03-16'),
(495, '7_6448faa25153d', '306', 'dhanraj ji', 'deva ji prajapat', '', '0000000000', 'rughnathpura', 0, '500.00', 'CASH', '0', '', 1, 4, '', 7, '2023-04-26 15:49:14', '2023-02-07'),
(496, '7_6448faed4d453', '307', 'kishan ji', 'dae lal ji jat', '', '0000000000', 'rughnathpura', 0, '1100.00', 'CASH', '0', '', 1, 4, '', 7, '2023-04-26 15:50:29', '2023-02-07'),
(497, '7_6448fb2f4d3c5', '308', 'shankar ji', 'lalu ji prajapat', '', '0000000000', 'rughnathpura', 0, '5100.00', 'CASH', '0', '', 1, 4, '', 7, '2023-04-26 15:51:35', '2023-02-07'),
(498, '7_6448fb764b517', '308', 'narayan ji', 'ramlal ji prajapat', '', '0000000000', 'rughnathpura', 0, '551.00', 'CASH', '0', '', 1, 4, '', 7, '2023-04-26 15:52:46', '2023-02-07'),
(499, '7_6448fbb8376a5', '310', 'kailash ji', 'ramlal ji prajapat', '', '0000000000', 'rughnathpura', 0, '500.00', 'CASH', '0', '', 1, 4, '', 7, '2023-04-26 15:53:52', '2023-02-07'),
(500, '7_6448fbef71075', '311', 'gupt', 'dan', '', '0000000000', 'rughnathpura', 0, '500.00', 'CASH', '0', '', 1, 4, '', 7, '2023-04-26 15:54:47', '2023-02-07'),
(501, '7_6448fc4412540', '312', 'school', 'staff', '', '0000000000', 'rughnathpura', 0, '500.00', 'CASH', '0', '', 1, 4, '', 7, '2023-04-26 15:56:12', '2023-02-07'),
(502, '7_6448fcc5918b7', '313', 'ratan ji', 'kishan ji prajapat', '', '0000000000', 'rughnathpura', 0, '501.00', 'CASH', '0', '', 1, 4, '', 7, '2023-04-26 15:58:21', '2023-02-07'),
(503, '7_6448fd2f46297', '314', 'ladu ji', 'akling ji prajapat', '', '0000000000', 'rughnathpura', 0, '501.00', 'CASH', '0', '', 1, 4, '', 7, '2023-04-26 16:00:07', '2023-02-07'),
(504, '7_6448fd84529e5', '323', 'gupt', 'dan', '', '0000000000', 'rughnathpura', 0, '501.00', 'CASH', '0', '', 1, 4, '', 7, '2023-04-26 16:01:32', '2023-02-07'),
(505, '7_6448fed14e31e', '328', 'bheru lal ji', 'kishan ji', '', '0000000000', 'aamet', 0, '501.00', 'CASH', '0', '', 1, 4, '', 7, '2023-04-26 16:07:05', '2023-02-07'),
(506, '7_6448ff1a22cc8', '329', 'doulat sing ji', 'naval sing ji', '', '0000000000', 'kelva', 0, '501.00', 'CASH', '0', '', 1, 4, '', 7, '2023-04-26 16:08:18', '2023-02-07'),
(507, '7_6448ff6517d3c', '330', 'dinesh ji', 'balu ji prajapat', '', '0000000000', 'dangdi', 0, '501.00', 'CASH', '0', '', 1, 4, '', 7, '2023-04-26 16:09:33', '2023-02-07'),
(508, '7_6449026e4cb17', '832', 'dev', 'mobile', '', '0000000000', 'bhilwara', 0, '1100.00', 'CASH', '0', '', 1, 4, '', 7, '2023-04-26 16:22:30', '2023-03-15'),
(509, '7_6449037aa0669', '838', 'rameshar', 'ji', '', '0000000000', 'bhilwara', 0, '2111.00', 'CASH', '0', '', 1, 4, '', 7, '2023-04-26 16:26:58', '2023-03-15'),
(510, '7_644903c4645d5', '842', 'shankar ji', 'choudhari', '', '0000000000', 'bhilwara', 0, '1100.00', 'CASH', '0', '', 1, 4, '', 7, '2023-04-26 16:28:12', '2023-03-15'),
(511, '7_6449058b0a019', '866', 'ramlal ji painter', 'kanchan proses', '', '0000000000', 'mandal', 0, '500.00', 'CASH', '0', '', 1, 4, '', 7, '2023-04-26 16:35:47', '2023-04-08'),
(512, '7_644905ddcd324', '1', 'arun kumar', 'toshniwal', '', '0000000000', 'bhilwara', 0, '500.00', 'CASH', '0', '', 1, 4, '', 7, '2023-04-26 16:37:09', '2023-04-12'),
(513, '7_6449062c2a833', '867', 'murlidhar ji', 'kastur ji jat', '', '0000000000', 'chanked', 0, '1100.00', 'CASH', '0', '', 1, 4, '', 7, '2023-04-26 16:38:28', '2023-04-13'),
(514, '7_6449066ce1d7a', '868', 'om prakash ji', 'mangilal ji purohit', '', '0000000000', 'bhagwanpura', 0, '11000.00', 'CASH', '0', '', 1, 4, '', 7, '2023-04-26 16:39:32', '2023-04-13'),
(515, '7_644906b2c1b52', '869', 'kamlesh ji', 'rameshar ji purohit', '', '0000000000', 'bhagwanpura', 0, '11000.00', 'CASH', '0', '', 1, 4, '', 7, '2023-04-26 16:40:42', '2023-04-13'),
(516, '7_644906ef873fc', '870', 'bhanwar ji', 'rajmal ji purohit', '', '0000000000', 'bhagwanpura', 0, '3100.00', 'CASH', '0', '', 1, 4, '', 7, '2023-04-26 16:41:43', '2023-04-13'),
(517, '7_6449072825515', '871', 'kanhailal ji', 'pokhar ji purohit', '', '0000000000', 'bhagwanpura', 0, '5100.00', 'CASH', '0', '', 1, 4, '', 7, '2023-04-26 16:42:40', '2023-04-13'),
(518, '7_6449076c5f362', '872', 'prlad ji', 'nag ji ram ji purohit', '', '0000000000', 'bhagwanpura', 0, '1100.00', 'CASH', '0', '', 1, 4, '', 7, '2023-04-26 16:43:48', '2023-04-13'),
(519, '7_64490798c3918', '873', 'gupt', 'dan', '', '0000000000', 'bhagwanpura', 0, '500.00', 'CASH', '0', '', 1, 4, '', 7, '2023-04-26 16:44:32', '2023-04-13'),
(520, '7_6449085919c41', '874', 'navratan ji mahavir ji', 'shivraj ji jain', '', '0000000000', 'bhagwanpura', 0, '5100.00', 'CASH', '0', '', 1, 4, '', 7, '2023-04-26 16:47:45', '2023-04-13'),
(521, '7_644909252f126', '875', 'bheru lal ji', 'bhanwar ji prajapat', '', '0000000000', 'bhagwanpura', 0, '1100.00', 'CASH', '0', '', 1, 4, '', 7, '2023-04-26 16:51:09', '2023-04-13'),
(522, '7_64490988a2e36', '877', 'rameshar ji', 'ganpat ji vyas', '', '9413639915', 'luhariya', 0, '5100.00', 'CASH', '0', '', 1, 4, '', 7, '2023-04-26 16:52:48', '2023-04-13'),
(523, '7_64490ca3d012d', '187', 'bali govind ji', 'shiv lal ji joshi', '', '0000000000', 'luhariya', 0, '25100.00', 'CASH', '0', '', 1, 4, '', 7, '2023-04-26 17:06:03', '2023-04-09'),
(524, '7_64490d495a8a2', '186', 'kailash dinesh ji', 'shambu lal ji vyas', '', '0000000000', 'luhariya', 0, '25100.00', 'CASH', '0', '', 1, 4, '', 7, '2023-04-26 17:08:49', '2023-04-09'),
(525, '7_64490e08aade9', '879', 'gupt', 'dan', '', '0000000000', 'jorapura', 0, '1589.00', 'CASH', '0', '', 1, 4, '', 7, '2023-04-26 17:12:00', '2023-04-26'),
(526, '7_64490ec781942', '880', 'shusheela shyam ji', 'jagdish ji', '', '0000000000', 'neem ka kheda', 0, '25100.00', 'CASH', '0', '', 1, 4, '', 7, '2023-04-26 17:15:11', '2023-04-25'),
(527, '7_6449108bdcb3e', '812', 'pani bai', 'doulat ram ji', '', '9414616872', 'danta', 119, '25100.00', 'CASH', '0', '', 1, 4, '', 7, '2023-04-26 17:22:43', '2022-12-16'),
(528, '7_64491155c48c1', '528', 'shankar ji', 'madu ji jat', '', '0000000000', 'na', 0, '2100.00', 'CASH', '0', '', 1, 4, '', 7, '2023-04-26 17:26:05', '2023-04-15'),
(529, '7_644911c421aae', '52', 'shankar babu ji', 'sharma', '', '9414292172', 'danta', 20, '55000.00', 'CASH', '0', '', 1, 4, '', 7, '2023-04-26 17:27:56', '2023-04-21'),
(530, '7_6449120299798', '', 'Sanwariya', 'Bheru ji vyas', '', '3453453450', 'Danta', 59, '17000.00', 'CASH', '0', '', 1, 4, '', 7, '2023-04-26 17:28:58', '2023-04-22'),
(531, '7_64491278897aa', '878', 'rameshar ji', 'jeetmal ji jat', '', '0000000000', 'amargad', 0, '5100.00', 'CASH', '0', '', 1, 4, '', 7, '2023-04-26 17:30:56', '2023-04-26'),
(532, '7_644912e109344', '934', 'jagdish ji', 'shiv lal ji joshi', '', '0000000000', 'luhariya', 0, '5100.00', 'CASH', '0', '', 1, 4, '', 7, '2023-04-26 17:32:41', '2023-04-10'),
(535, '7_64c0ee2bb6e5e', 'No', 'Sanwariya', 'Bheru ji vyas', '', '3453453450', 'Danta', 59, '17150.00', 'CASH', '0', '', 1, 4, '', 7, '2023-07-26 15:28:03', '2023-05-20'),
(536, '7_64c0ef036af2e', 'No', 'chagan ji', 'bhura lal ji', '', '9413402936', 'danta', 50, '11000.00', 'CASH', '0', '', 1, 4, '', 7, '2023-07-26 15:31:39', '2023-05-20'),
(537, '7_64c0ef80de81f', '901', 'Jagdish ji', 'Gopi lal ji malviya', '', '5678456345', 'Luharia', 0, '1100.00', 'CASH', '0', '', 1, 4, '', 7, '2023-07-26 15:33:44', '2023-04-03'),
(538, '7_64c0f3f0da325', '902', 'Arjun sing ji', 'Udaysing ji', '', '4561235432', 'Luharia', 0, '2100.00', 'CASH', '0', '', 1, 4, '', 7, '2023-07-26 15:52:40', '2023-04-03'),
(539, '7_64c0f46f32a89', '903', 'Shiv medical store', 'Shiv lal bhanwar lal joshi', '', '8907890789', 'Luhariya', 0, '1100.00', 'CASH', '0', '', 1, 4, '', 7, '2023-07-26 15:54:47', '2023-04-03'),
(540, '7_64c0f4bb5d16d', '904', 'Shankar ji', 'Madu ji teli', '', '3451234578', 'Luhariya', 0, '1100.00', 'CASH', '0', '', 1, 4, '', 7, '2023-07-26 15:56:03', '2023-04-03'),
(541, '7_64c0f50f92700', '908', 'Laxmi lal mahavir', 'Ratan ji soni', '', '1239876590', 'Luhariya', 0, '4100.00', 'CASH', '0', '', 1, 4, '', 7, '2023-07-26 15:57:27', '2023-04-09'),
(542, '7_64c0f559aa2e3', '909', 'Sampat ji', 'Kajod ji soni', '', '4534567876', 'Luhariya', 0, '2100.00', 'CASH', '0', '', 1, 4, '', 7, '2023-07-26 15:58:41', '2023-04-09'),
(543, '7_64c0f5b3d5107', '910', 'Madan ji', 'Keshav das ji khatri', '', '8900987609', 'Luhariya', 0, '3100.00', 'CASH', '0', '', 1, 4, '', 7, '2023-07-26 16:00:11', '2023-04-09'),
(544, '7_64c0f61d97bfc', '911', 'Karishna ji', 'Shandip ji mishra', '', '8076589707', 'Luhariya', 0, '11111.00', 'CASH', '0', '', 1, 4, '', 7, '2023-07-26 16:01:57', '2023-04-09'),
(545, '7_64c0f680321e5', '912', 'Geeta devi', 'Chittar mal joshi', '', '9045632146', 'Luhariya', 0, '11111.00', 'CASH', '0', '', 1, 4, '', 7, '2023-07-26 16:03:36', '2023-04-09'),
(546, '7_64c0f71649d1d', '913', 'Kailash ji', 'Moolchand ji vyas', '', '7895436709', 'Luhariya', 0, '5100.00', 'CASH', '0', '', 1, 4, '', 7, '2023-07-26 16:06:06', '2023-04-09'),
(547, '7_64c1bc4263c2f', '914', 'shyam ji', 'ramchander ji soni', '', '6376298256', 'luhariya', 0, '5100.00', 'CASH', '0', '', 1, 4, '', 7, '2023-07-27 06:07:22', '2023-04-09'),
(548, '7_64c1bcfb2d56d', '918', 'jitender ji', 'murly manohar ji vyas', '', '9413905875', 'saredi', 0, '2100.00', 'CASH', '0', '', 1, 4, '', 7, '2023-07-27 06:10:27', '2023-04-10'),
(549, '7_64c1bd72e9717', '919', 'badri lal ji', 'bhagirath ji ojha', '', '2389651234', 'saredi', 0, '5100.00', 'CASH', '0', '', 1, 4, '', 7, '2023-07-27 06:12:26', '2023-04-10'),
(550, '7_64c1be068e3f7', '922', 'prlad ji joshi', 'radheshyam ji joshi', '', '9772372401', 'luhariya', 0, '2100.00', 'CASH', '0', '', 1, 4, '', 7, '2023-07-27 06:14:54', '2023-04-10'),
(551, '7_64c1beb8b570a', '926', 'balu ji', 'banshi lal ji vyas', '', '1234569872', 'luhariya', 0, '1100.00', 'CASH', '0', '', 1, 4, '', 7, '2023-07-27 06:17:52', '2023-04-10');

-- --------------------------------------------------------

--
-- Table structure for table `app_donation_category`
--

DROP TABLE IF EXISTS `app_donation_category`;
CREATE TABLE IF NOT EXISTS `app_donation_category` (
  `id` int NOT NULL AUTO_INCREMENT,
  `title` varchar(100) NOT NULL,
  `status` enum('A','I') NOT NULL COMMENT 'A: Active, I: Inactive',
  `created_on` datetime DEFAULT NULL,
  PRIMARY KEY (`id`)
) ENGINE=InnoDB AUTO_INCREMENT=8 DEFAULT CHARSET=utf8mb3;

--
-- Dumping data for table `app_donation_category`
--

INSERT INTO `app_donation_category` (`id`, `title`, `status`, `created_on`) VALUES
(1, 'mandir nirman', 'A', '2022-02-05 11:57:28'),
(7, 'varshik sadhshyata', 'A', '2023-03-21 06:26:03');

-- --------------------------------------------------------

--
-- Table structure for table `app_email_log`
--

DROP TABLE IF EXISTS `app_email_log`;
CREATE TABLE IF NOT EXISTS `app_email_log` (
  `id` int NOT NULL AUTO_INCREMENT,
  `email` varchar(255) NOT NULL,
  `name` varchar(255) NOT NULL,
  `subject` text NOT NULL,
  `content` text NOT NULL,
  `status` enum('Sent','Not Sent') NOT NULL,
  `created_date` datetime DEFAULT NULL,
  `details` text NOT NULL,
  PRIMARY KEY (`id`)
) ENGINE=InnoDB AUTO_INCREMENT=3 DEFAULT CHARSET=utf8mb3;

--
-- Dumping data for table `app_email_log`
--

INSERT INTO `app_email_log` (`id`, `email`, `name`, `subject`, `content`, `status`, `created_date`, `details`) VALUES
(1, 'ram@gmail.cin', 'Ram Sharma', 'Staff | Account Registration', '<!doctype html>\n<html lang=\"en-US\">\n    <head>\n        <meta content=\"text/html; charset=utf-8\" http-equiv=\"Content-Type\" />\n        <style type=\"text/css\">\n            a:hover { text-decoration: underline !important; }\n        </style>\n    </head>\n    <body marginheight=\"0\" topmargin=\"0\" marginwidth=\"0\" style=\"margin: 0px; background-color: #f2f8f9;\" leftmargin=\"0\">\n        <table cellspacing=\"0\" border=\"0\" cellpadding=\"0\" width=\"100%\" bgcolor=\"#f2f8f9\" style=\"@import url(https://fonts.googleapis.com/css?family=Roboto:300,400,500); font-family: \'Roboto\', sans-serif , Arial, Helvetica, sans-serif;\">\n            <tr>\n                <td>\n                    <table style=\"background-color: #f2f8f9; max-width:670px; margin:0 auto;\" width=\"100%\"  border=\"0\" align=\"center\" cellpadding=\"0\" cellspacing=\"0\">\n                        <tr>\n                            <td style=\"height:80px;\">&nbsp;</td>\n                        </tr>\n                        <tr>\n                            <td style=\"text-align:center;\">\n                                <a href=\"http://donate.test/\" title=\"Temple\"><img height=\"61\" width=\"240\" src=\"http://donate.test/assets/uploads/61f4d571c797c.jpeg\" title=\"Temple\" alt=\"Temple\"></a>\n                            </td>\n                        </tr>\n                        <tr>\n                            <td style=\"height:40px;\">&nbsp;</td>\n                        </tr>\n                        <tr>\n                            <td>\n                                <table width=\"95%\" border=\"0\" align=\"center\" cellpadding=\"0\" cellspacing=\"0\" style=\"max-width:670px; background:#fff; border-radius:3px; text-align:center;-webkit-box-shadow:0 1px 3px 0 rgba(0, 0, 0, 0.16), 0 1px 3px 0 rgba(0, 0, 0, 0.12);-moz-box-shadow:0 1px 3px 0 rgba(0, 0, 0, 0.16), 0 1px 3px 0 rgba(0, 0, 0, 0.12);box-shadow:0 1px 3px 0 rgba(0, 0, 0, 0.16), 0 1px 3px 0 rgba(0, 0, 0, 0.12)\">\n                                    <tr>\n                                        <td style=\"height:40px;\">&nbsp;</td>\n                                    </tr>\n                                    <tr>\n                                        <td style=\"padding:0 15px;\">\n                                            <h1 style=\"color:#3075BA; font-weight:400; margin:0;font-size:32px;\">Hi, Ram Sharma</h1><br>\n                                            <p style=\"font-size:15px; color:#171f23de; margin:8px 0 0; line-height:24px;\"> Your Account has been created successfully Your login credentials given as below</p>\n                                            <span style=\"display:inline-block; vertical-align:middle; margin:29px 0 26px; border-bottom:1px solid #cecece; width:100px;\"></span>\n                                            <p style=\"color:rgba(23,31,35,.87); font-size:18px;line-height:20px; margin:0; font-weight: 500;\">\n                                                <strong style=\"display: block;font-size: 13px; margin: 0 0 4px; color:rgba(23,31,35,.64); font-weight:normal;\">Email</strong>ram@gmail.cin                                                <strong style=\"display: block; font-size: 13px; margin: 24px 0 4px 0; font-weight:normal; color:rgba(23,31,35,.64);\">Password</strong>RH3LhVrs                                            </p>\n                                            <a href=\"http://donate.test/login\" style=\"background:#3075BA;text-decoration:none !important; display:inline-block; font-weight:500; margin-top:24px; color:#fff;text-transform:uppercase; font-size:14px;padding:10px 12px;display:inline-block;border-radius:3px;\">Login</a>\n                                            \n                                        </td>\n                                    </tr>\n                                    <tr>\n                                        <td style=\"height:40px;\">&nbsp;</td>\n                                    </tr>\n                                </table>\n                            </td>\n                        </tr>\n                        <tr>\n                            <td style=\"height:20px;\">&nbsp;</td>\n                        </tr>\n                        <tr>\n                            <td style=\"text-align:center;\">\n                                <p style=\"font-size:14px; color:#455056bd; line-height:18px; margin:0 0 0;\"><strong>&copy;</strong> Temple 2022</p>\n                            </td>\n                        </tr>\n                        <tr>\n                            <td style=\"height:80px;\">&nbsp;</td>\n                        </tr>\n                    </table>\n                </td>\n            </tr>\n        </table><!--/100% body table-->\n    </body>\n</html>', 'Sent', '2022-02-05 11:55:16', 'Sent'),
(2, 'test@email.com', 'Test Donate', 'Donator | Account Registration', '<!doctype html>\n<html lang=\"en-US\">\n    <head>\n        <meta content=\"text/html; charset=utf-8\" http-equiv=\"Content-Type\" />\n        <style type=\"text/css\">\n            a:hover { text-decoration: underline !important; }\n        </style>\n    </head>\n    <body marginheight=\"0\" topmargin=\"0\" marginwidth=\"0\" style=\"margin: 0px; background-color: #f2f8f9;\" leftmargin=\"0\">\n        <table cellspacing=\"0\" border=\"0\" cellpadding=\"0\" width=\"100%\" bgcolor=\"#f2f8f9\" style=\"@import url(https://fonts.googleapis.com/css?family=Roboto:300,400,500); font-family: \'Roboto\', sans-serif , Arial, Helvetica, sans-serif;\">\n            <tr>\n                <td>\n                    <table style=\"background-color: #f2f8f9; max-width:670px; margin:0 auto;\" width=\"100%\"  border=\"0\" align=\"center\" cellpadding=\"0\" cellspacing=\"0\">\n                        <tr>\n                            <td style=\"height:80px;\">&nbsp;</td>\n                        </tr>\n                        <tr>\n                            <td style=\"text-align:center;\">\n                                <a href=\"http://donate.test/\" title=\"Temple\"><img height=\"61\" width=\"240\" src=\"http://donate.test/assets/uploads/61f4d571c797c.jpeg\" title=\"Temple\" alt=\"Temple\"></a>\n                            </td>\n                        </tr>\n                        <tr>\n                            <td style=\"height:40px;\">&nbsp;</td>\n                        </tr>\n                        <tr>\n                            <td>\n                                <table width=\"95%\" border=\"0\" align=\"center\" cellpadding=\"0\" cellspacing=\"0\" style=\"max-width:670px; background:#fff; border-radius:3px; text-align:center;-webkit-box-shadow:0 1px 3px 0 rgba(0, 0, 0, 0.16), 0 1px 3px 0 rgba(0, 0, 0, 0.12);-moz-box-shadow:0 1px 3px 0 rgba(0, 0, 0, 0.16), 0 1px 3px 0 rgba(0, 0, 0, 0.12);box-shadow:0 1px 3px 0 rgba(0, 0, 0, 0.16), 0 1px 3px 0 rgba(0, 0, 0, 0.12)\">\n                                    <tr>\n                                        <td style=\"height:40px;\">&nbsp;</td>\n                                    </tr>\n                                    <tr>\n                                        <td style=\"padding:0 15px;\">\n                                            <h1 style=\"color:#3075BA; font-weight:400; margin:0;font-size:32px;\">Hi, Test Donate</h1><br>\n                                            <p style=\"font-size:15px; color:#171f23de; margin:8px 0 0; line-height:24px;\"> Your Account has been created successfully Your login credentials given as below</p>\n                                            <span style=\"display:inline-block; vertical-align:middle; margin:29px 0 26px; border-bottom:1px solid #cecece; width:100px;\"></span>\n                                            <p style=\"color:rgba(23,31,35,.87); font-size:18px;line-height:20px; margin:0; font-weight: 500;\">\n                                                <strong style=\"display: block;font-size: 13px; margin: 0 0 4px; color:rgba(23,31,35,.64); font-weight:normal;\">Email</strong>test@email.com                                                <strong style=\"display: block; font-size: 13px; margin: 24px 0 4px 0; font-weight:normal; color:rgba(23,31,35,.64);\">Password</strong>TeMcJqUY                                            </p>\n                                            <a href=\"http://donate.test/login\" style=\"background:#3075BA;text-decoration:none !important; display:inline-block; font-weight:500; margin-top:24px; color:#fff;text-transform:uppercase; font-size:14px;padding:10px 12px;display:inline-block;border-radius:3px;\">Login</a>\n                                            \n                                        </td>\n                                    </tr>\n                                    <tr>\n                                        <td style=\"height:40px;\">&nbsp;</td>\n                                    </tr>\n                                </table>\n                            </td>\n                        </tr>\n                        <tr>\n                            <td style=\"height:20px;\">&nbsp;</td>\n                        </tr>\n                        <tr>\n                            <td style=\"text-align:center;\">\n                                <p style=\"font-size:14px; color:#455056bd; line-height:18px; margin:0 0 0;\"><strong>&copy;</strong> Temple 2022</p>\n                            </td>\n                        </tr>\n                        <tr>\n                            <td style=\"height:80px;\">&nbsp;</td>\n                        </tr>\n                    </table>\n                </td>\n            </tr>\n        </table><!--/100% body table-->\n    </body>\n</html>', 'Sent', '2022-02-06 10:37:14', 'Sent');

-- --------------------------------------------------------

--
-- Table structure for table `app_email_setting`
--

DROP TABLE IF EXISTS `app_email_setting`;
CREATE TABLE IF NOT EXISTS `app_email_setting` (
  `id` int NOT NULL AUTO_INCREMENT,
  `mail_type` enum('S','P') NOT NULL DEFAULT 'S',
  `smtp_host` varchar(255) NOT NULL,
  `smtp_username` varchar(255) NOT NULL,
  `smtp_password` varchar(255) NOT NULL,
  `smtp_port` int NOT NULL,
  `smtp_secure` varchar(255) NOT NULL,
  `email_from` text NOT NULL,
  PRIMARY KEY (`id`)
) ENGINE=InnoDB AUTO_INCREMENT=2 DEFAULT CHARSET=utf8mb3;

--
-- Dumping data for table `app_email_setting`
--

INSERT INTO `app_email_setting` (`id`, `mail_type`, `smtp_host`, `smtp_username`, `smtp_password`, `smtp_port`, `smtp_secure`, `email_from`) VALUES
(1, 'P', '', '', '', 0, 'tls', 'temple@gmail.com');

-- --------------------------------------------------------

--
-- Table structure for table `app_events`
--

DROP TABLE IF EXISTS `app_events`;
CREATE TABLE IF NOT EXISTS `app_events` (
  `event_id` int NOT NULL AUTO_INCREMENT,
  `title` text CHARACTER SET utf8mb3 COLLATE utf8mb3_general_ci NOT NULL,
  `description` text CHARACTER SET utf8mb3 COLLATE utf8mb3_general_ci NOT NULL,
  `event_venue` text CHARACTER SET utf8mb3 COLLATE utf8mb3_general_ci NOT NULL,
  `event_date` date DEFAULT NULL,
  `event_time` time DEFAULT NULL,
  `image` varchar(255) CHARACTER SET utf8mb3 COLLATE utf8mb3_general_ci NOT NULL,
  `status` enum('A','E','I','') NOT NULL DEFAULT 'A' COMMENT 'A=Active,I=Inactive,E=Expire',
  `created_on` datetime NOT NULL,
  PRIMARY KEY (`event_id`)
) ENGINE=MyISAM DEFAULT CHARSET=latin1;

-- --------------------------------------------------------

--
-- Table structure for table `app_expense`
--

DROP TABLE IF EXISTS `app_expense`;
CREATE TABLE IF NOT EXISTS `app_expense` (
  `id` int NOT NULL AUTO_INCREMENT,
  `txn_id` varchar(200) NOT NULL,
  `account_id` int NOT NULL,
  `category_id` int NOT NULL,
  `party_name` varchar(50) NOT NULL,
  `party_phone` varchar(20) NOT NULL,
  `ref_no` varchar(20) NOT NULL,
  `amount` decimal(18,2) NOT NULL DEFAULT '0.00',
  `details` text NOT NULL,
  `expense_date` date DEFAULT NULL,
  `image` varchar(200) NOT NULL,
  `created_by` int NOT NULL,
  `created_on` datetime DEFAULT NULL,
  PRIMARY KEY (`id`),
  KEY `category_id` (`category_id`)
) ENGINE=InnoDB AUTO_INCREMENT=342 DEFAULT CHARSET=utf8mb3;

--
-- Dumping data for table `app_expense`
--

INSERT INTO `app_expense` (`id`, `txn_id`, `account_id`, `category_id`, `party_name`, `party_phone`, `ref_no`, `amount`, `details`, `expense_date`, `image`, `created_by`, `created_on`) VALUES
(1, '7_624ade43c0788', 2, 1, 'deva lal gadri', 'na', 'na', '10200.00', '30 bag', '2022-04-02', '', 7, '2022-04-04 17:32:11'),
(3, '7_624adf2e13f97', 2, 13, 'dairy', 'na', 'na', '1850.00', 'kar sevako hetu kheer prasad', '2022-04-02', '', 7, '2022-04-04 17:36:06'),
(4, '7_624adf7ad35ea', 2, 1, 'deva lal gadri', 'na', 'na', '10000.00', '30 bag', '2022-04-02', '', 7, '2022-04-04 17:37:22'),
(5, '7_624ae003d8f91', 2, 6, 'dalu ji mistri', 'na', 'na', '5100.00', 'dpc ke bad chunai ki sai pete advance', '2022-04-02', '', 7, '2022-04-04 17:39:39'),
(6, '7_624ae073677d8', 2, 17, 'kumhar', 'na', 'na', '100.00', 'pani ki matki', '2022-04-02', '', 7, '2022-04-04 17:41:31'),
(7, '7_624ae0ce4638c', 2, 6, 'labour', 'na', 'na', '42350.00', '1 march se 15 march tk', '2022-04-02', '', 7, '2022-04-04 17:43:02'),
(8, '7_624ae18764b67', 2, 7, 'sana ka kheda', 'na', 'na', '14000.00', '10 trolli', '2022-04-02', '', 7, '2022-04-04 17:46:07'),
(9, '7_624ae1fb23938', 2, 17, 'bank account', 'na', 'na', '5000.00', 'bank me account khulwaya', '2022-04-02', '', 7, '2022-04-04 17:48:03'),
(10, '7_624ae2b210c57', 2, 6, 'labour', 'na', 'na', '36600.00', '15-3-22 to 31-3-22', '2022-04-02', '', 7, '2022-04-04 17:51:06'),
(11, '7_624ae3100b973', 2, 8, 'bavdi', 'na', 'na', '34100.00', '22 trolli', '2022-04-02', '', 7, '2022-04-04 17:52:40'),
(12, '7_624ae36fc667e', 2, 17, 'aara se', 'na', 'na', '4100.00', '7 patiya + 100 rs bhada', '2022-04-02', '', 7, '2022-04-04 17:54:15'),
(13, '7_624ae3be7cf04', 2, 9, 'jcb', 'na', 'na', '3000.00', 'na', '2022-04-02', '', 7, '2022-04-04 17:55:34'),
(14, '7_624ae4146245c', 2, 13, 'kailash ji pandiya', 'na', 'na', '1700.00', 'kheer prasad samagri', '2022-04-02', '', 7, '2022-04-04 17:57:00'),
(15, '7_624ae87fdfaa5', 2, 6, 'chagan sing ji mistri', 'na', 'na', '5100.00', 'naxa + mandir sai', '2022-04-02', '', 7, '2022-04-04 18:15:51'),
(16, '7_624aeb46ecc9b', 2, 19, 'lehru heera ji jat', 'na', 'na', '115000.00', 'mandir hetu kone ki jagah', '2022-04-02', '', 7, '2022-04-04 18:27:42'),
(17, '7_624aeb9a107f6', 2, 9, 'jcb', 'na', 'na', '5000.00', 'school tudai', '2022-04-02', '', 7, '2022-04-04 18:29:06'),
(18, '7_624aebd9ebbfe', 2, 6, 'iswar gadri', 'na', 'na', '350.00', 'majduri', '2022-04-02', '', 7, '2022-04-04 18:30:09'),
(19, '7_624aec333bdc3', 2, 17, 'ghanshyam kirana', 'na', 'na', '300.00', 'bhumi pujan samagri', '2022-04-02', '', 7, '2022-04-04 18:31:39'),
(20, '7_624af20953cd2', 2, 17, 'kailash ji pandiya', 'na', 'na', '2700.00', 'neev pujan samagri', '2022-04-02', '', 7, '2022-04-04 18:56:33'),
(21, '7_624af262774f3', 2, 17, 'Hemali', 'na', 'na', '3500.00', 'pattiya nohra me dalai', '2022-04-02', '', 7, '2022-04-04 18:58:02'),
(22, '7_624af2b51d2d6', 2, 15, 'kailash ji pandiya', 'na', 'na', '1050.00', 'pipe+sanddal', '2022-04-02', '', 7, '2022-04-04 18:59:25'),
(23, '7_624af32e88117', 2, 9, 'jcb', 'na', 'na', '7000.00', 'na', '2022-04-02', '', 7, '2022-04-04 19:01:26'),
(24, '7_624af37fe884c', 2, 17, 'shanti lal', 'na', 'na', '1425.00', 'tagari pavadi', '2022-04-02', '', 7, '2022-04-04 19:02:47'),
(25, '7_624af3f615d51', 2, 17, 'moolchand', 'na', 'na', '570.00', 'fool mala for neev pujan', '2022-04-02', '', 7, '2022-04-04 19:04:46'),
(26, '7_624af47b4b47c', 2, 13, 'ghanshyam kirana', 'na', 'na', '100.00', 'nasta driver ko', '2022-04-02', '', 7, '2022-04-04 19:06:59'),
(27, '7_624af53438286', 2, 18, 'karishna creshar', 'na', 'na', '13000.00', '500 fit gitti', '2022-04-02', '', 7, '2022-04-04 19:10:04'),
(28, '7_624af90c7d66e', 2, 14, 'mandal', 'na', 'na', '12800.00', 'kollam hetu km pde jo', '2022-04-02', '', 7, '2022-04-04 19:26:28'),
(29, '7_624af9a27d6c6', 2, 8, 'kailash ji pandiya', 'na', 'na', '9000.00', 'na', '2022-04-02', '', 7, '2022-04-04 19:28:58'),
(30, '7_624afa11380b7', 2, 17, 'kedar suthar', 'na', 'na', '400.00', 'Car Sevako ko nasta', '2022-04-02', '', 7, '2022-04-04 19:30:49'),
(31, '7_624afa647894e', 2, 9, 'jcb', 'na', 'na', '7000.00', 'na', '2022-04-02', '', 7, '2022-04-04 19:32:12'),
(32, '7_624afe83665d8', 2, 14, 'gopal ji dhunwala', 'na', 'na', '8000.00', 'collam bandhai', '2022-04-02', '', 7, '2022-04-04 19:49:47'),
(33, '7_624b1e841c335', 4, 17, 'bajrang das ji', 'na', 'na', '2100.00', 'naxa banaya', '2022-04-02', '', 7, '2022-04-04 22:06:20'),
(34, '7_624b1ed7e2446', 4, 19, 'lehru heera ji jat', 'na', 'na', '91000.00', 'parikarma hetu 7 fit jagah', '2022-04-02', '', 7, '2022-04-04 22:07:43'),
(35, '7_624b1f36e7b3e', 4, 9, 'jcb', 'na', 'na', '10000.00', 'neem khudai', '2022-04-02', '', 7, '2022-04-04 22:09:18'),
(36, '7_624b1f759038d', 4, 7, 'sana ka kheda', 'na', 'na', '7000.00', '5 trip', '2022-04-02', '', 7, '2022-04-04 22:10:21'),
(37, '7_624b1fc9e4b2a', 4, 1, 'kailash ji', 'na', 'na', '55000.00', 'bag', '2022-04-02', '', 7, '2022-04-04 22:11:45'),
(38, '7_624b2021bf82d', 4, 17, 'samiti rajistration', 'na', 'na', '12000.00', 'rasid+feesh', '2022-04-02', '', 7, '2022-04-04 22:13:13'),
(39, '7_624b206cf2631', 4, 6, 'labour', 'na', 'na', '13900.00', 'old', '2022-04-02', '', 7, '2022-04-04 22:14:28'),
(40, '7_624b20bc56784', 4, 8, 'mohan ji bavdi', 'na', 'na', '5000.00', 'trip', '2022-04-02', '', 7, '2022-04-04 22:15:48'),
(41, '7_624b20f8b9c29', 4, 8, 'mohan ji bavdi', 'na', 'na', '8950.00', 'trip', '2022-04-02', '', 7, '2022-04-04 22:16:48'),
(42, '7_624b214729732', 4, 17, 'shanti lal', 'na', 'na', '1326.00', 'hard', '2022-04-02', '', 7, '2022-04-04 22:18:07'),
(43, '7_624b21716ec03', 4, 8, 'mohan ji bavdi', 'na', 'na', '9000.00', 'trip', '2022-04-02', '', 7, '2022-04-04 22:18:49'),
(44, '7_624b21a3ea32a', 4, 8, 'mohan ji bavdi', 'na', 'na', '8050.00', 'trip', '2022-04-02', '', 7, '2022-04-04 22:19:39'),
(45, '7_624b21c7d9ad0', 4, 8, 'mohan ji bavdi', 'na', 'na', '15500.00', 'trip', '2022-04-02', '', 7, '2022-04-04 22:20:15'),
(46, '7_624b21f790f5b', 4, 1, 'deva lal gadri', 'na', 'na', '10200.00', 'bag', '2022-04-02', '', 7, '2022-04-04 22:21:03'),
(47, '7_624b22a93f821', 4, 17, 'shanti lal', 'na', 'na', '1025.00', 'hard', '2022-04-02', '', 7, '2022-04-04 22:24:01'),
(49, '7_624b2355cbc0a', 4, 1, 'kailash ji sarpanch', 'na', 'na', '44100.00', 'bag', '2022-04-02', '', 7, '2022-04-04 22:26:53'),
(50, '7_624b238a68e99', 4, 11, 'rasid book', 'na', 'na', '900.00', '1 to 1000', '2022-04-02', '', 7, '2022-04-04 22:27:46'),
(51, '7_624b23d2bc5ee', 4, 13, 'ghanshyam kirana', 'na', 'na', '270.00', 'sugar + patti', '2022-04-02', '', 7, '2022-04-04 22:28:58'),
(52, '7_624ce18f14345', 1, 19, 'lehru gordhan ji jat', 'na', 'na', '10000.00', '9 bisva jagaha ki sai me', '2022-02-13', '', 7, '2022-04-06 06:10:47'),
(53, '7_624ce1ef90516', 1, 15, 'bagor', 'na', 'na', '2300.00', 'Pipe  &  nipple', '2022-04-02', '', 7, '2022-04-06 06:12:23'),
(54, '7_624ce22ba3354', 1, 17, 'srs jorapura', 'na', 'na', '480.00', 'Janda+jandiya', '2022-04-02', '', 7, '2022-04-06 06:13:23'),
(55, '7_624ce2e65ca82', 1, 8, 'mohan ji bavdi', 'na', 'na', '1500.00', 'neev ke muhurt me', '2022-04-02', '', 7, '2022-04-06 06:16:30'),
(56, '7_624ce327af3a8', 1, 17, 'pandit ji', 'na', 'na', '1100.00', 'neev muhurt me pandit ji ko', '2022-02-14', '', 7, '2022-04-06 06:17:35'),
(57, '7_624ce3ac3a8f8', 1, 14, 'rajasthan komershiyal', 'na', 'na', '103700.00', 'kolam & dpc hetu sariya', '2022-02-24', '', 7, '2022-04-06 06:19:48'),
(58, '7_624ce404ee12a', 1, 6, 'dalu ji mistri', 'na', 'na', '18200.00', '30-3-22 tk', '2022-03-30', '', 7, '2022-04-06 06:21:16'),
(59, '7_624ce4f8d6be8', 4, 19, 'lehru gordhan ji jat', 'na', 'na', '700000.00', '9 bisva jagah hetu advance', '2022-04-02', '', 7, '2022-04-06 06:25:20'),
(60, '7_624cea05dce30', 2, 19, 'lehru gordhan ji jat', 'na', 'na', '11000.00', '9 bisva jagah hetu sai', '2022-04-02', '', 7, '2022-04-06 06:46:53'),
(61, '7_624d815a4ca8b', 4, 17, 'Chagan ji mistri', 'No', 'No', '1100.00', 'Neev muhurat me Mistri ko', '2022-04-02', '', 7, '2022-04-06 17:32:34'),
(62, '7_624d8196da69c', 4, 8, 'Mohan ji bavdi', 'No', 'No', '1500.00', 'muhurat me ret', '2022-02-14', '', 7, '2022-04-06 17:33:34'),
(63, '7_624d823e451d8', 4, 17, 'Tent + Mike', 'No', 'No', '5000.00', 'Tent or mike', '2022-04-02', '', 7, '2022-04-06 17:36:22'),
(64, '7_624d88aa230e6', 2, 7, 'Sana ka kheda', 'No', 'No', '14000.00', '10 Trip', '2022-04-02', '', 7, '2022-04-06 18:03:46'),
(65, '7_624d89d731d4d', 4, 17, 'Shanti lal', 'No', 'No', '344.00', 'Hard', '2022-04-02', '', 7, '2022-04-06 18:08:47'),
(66, '7_624d93a8b7f27', 4, 17, 'Bharav', 'No', 'No', '31000.00', 'Panchayat dwara', '2022-04-06', '', 7, '2022-04-06 18:50:40'),
(68, '29_625634c2cde27', 2, 8, 'Narayan ji bavdi 10troli', '1234567890', '', '15500.00', '155010=15500', '2022-04-12', '', 29, '2022-04-13 07:56:10'),
(69, '7_6262058f6b8c3', 4, 14, 'Sariya', 'No', 'No', '103400.00', 'Na', '2022-04-20', '', 7, '2022-04-22 07:01:59'),
(70, '7_62668907e9275', 4, 7, 'Sana ka kheda', 'No', 'No', '1500.00', '1 trolli', '2022-04-25', '', 7, '2022-04-25 17:11:59'),
(71, '7_6266894f7cd39', 4, 8, 'Mohan ji bavdi', 'No', 'No', '15500.00', '10 trolli', '2022-04-25', '', 7, '2022-04-25 17:13:11'),
(72, '7_626689dc3fd75', 4, 1, 'Chandu bhai', 'No', 'No', '94000.00', '260bag362 per bag', '2022-04-25', '', 7, '2022-04-25 17:15:32'),
(73, '7_62668a447855f', 4, 17, 'Char bhuja hardwere', 'No', 'No', '2500.00', 'Collar farma saman', '2022-04-25', '', 7, '2022-04-25 17:17:16'),
(74, '7_62668abb7192c', 4, 16, 'Dev hardwere', 'No', '233', '1628.00', 'Rcc me pipe', '2022-04-25', '', 7, '2022-04-25 17:19:15'),
(75, '7_62668b8b7a54a', 4, 17, 'Shanti lal', 'No', '253', '1260.00', 'Oil kill', '2022-04-25', '', 7, '2022-04-25 17:22:43'),
(76, '7_62669116022b9', 2, 13, 'Nasta', 'No', 'No', '100.00', 'Tarbuja', '2022-04-25', '', 7, '2022-04-25 17:46:22'),
(77, '7_6266914fe30e8', 2, 7, 'Sana ka kheda', 'No', 'No', '3000.00', '2 trolli', '2022-04-25', '', 7, '2022-04-25 17:47:19'),
(78, '7_62669192d4968', 2, 17, 'Pani tankar', 'No', 'No', '300.00', 'Pani bankar bharat me', '2022-04-25', '', 7, '2022-04-25 17:48:26'),
(79, '7_626691fedca2e', 2, 6, 'Labour', 'No', 'No', '36050.00', '1/4/22 to 15/4/22 tk', '2022-04-25', '', 7, '2022-04-25 17:50:14'),
(80, '7_6266929086b35', 2, 8, 'Mohan ji bavdi', 'No', 'No', '15500.00', '10 trip  1550 se', '2022-04-25', '', 7, '2022-04-25 17:52:40'),
(81, '7_6271dc9ff1037', 1, 7, 'Sana ka kheda', 'No', 'No', '1500.00', '1 trip ret', '2022-05-04', '', 7, '2022-05-04 07:23:35'),
(82, '7_62937fc937d25', 4, 8, 'Mohan ji bavdi', 'No', '', '9300.00', '9 trip', '2022-05-29', '', 7, '2022-05-29 19:44:33'),
(83, '7_6293801a7357b', 4, 15, 'Bajrang pipe', 'No', '', '5665.00', 'PVC pipe', '2022-05-29', '', 7, '2022-05-29 19:45:54'),
(84, '7_629380465bcfb', 4, 7, 'Sana ka kheda', 'No', '', '1800.00', '1 trip', '2022-05-29', '', 7, '2022-05-29 19:46:38'),
(85, '7_629380afba292', 4, 18, 'Gitti', 'No', '', '40900.00', '2 dumper= 1600 fit', '2022-05-29', '', 7, '2022-05-29 19:48:23'),
(86, '7_6293811f94a80', 4, 6, 'Dpc bharai', 'No', '', '55000.00', 'Doc bharai labour', '2022-05-29', '', 7, '2022-05-29 19:50:15'),
(87, '7_6293815240f1d', 4, 7, 'Sana ka kheda', 'No', '', '9000.00', '6 trip', '2022-05-29', '', 7, '2022-05-29 19:51:06'),
(88, '7_6293819edb614', 4, 6, 'Labour payment', 'No', '', '22500.00', '16/4/22 to 30/4/22', '2022-05-29', '', 7, '2022-05-29 19:52:22'),
(89, '7_6293823c9aece', 4, 20, 'Nana lal ji', 'No', '', '50000.00', 'Marbal advance', '2022-05-29', '', 7, '2022-05-29 19:55:00'),
(90, '7_629382fd9edbd', 4, 7, 'Sana ka kheda', 'No', '', '12800.00', '8 trip', '2022-05-29', '', 7, '2022-05-29 19:58:13'),
(91, '7_6293847e7c788', 2, 16, 'Vinod jagdish maraj', 'No', '', '520.00', 'Light feeting', '2022-05-29', '', 7, '2022-05-29 20:04:38'),
(92, '7_629384c259f54', 2, 6, 'Naran kumhar', 'No', '', '200.00', 'Trolli bhada girti bharai', '2022-05-29', '', 7, '2022-05-29 20:05:46'),
(93, '7_629384f29d8d8', 2, 6, 'Nanda kharol', 'No', '', '200.00', 'Cement dalai', '2022-05-29', '', 7, '2022-05-29 20:06:34'),
(94, '7_62d3c54c8b0d4', 2, 17, 'Devkaran', 'No', 'No', '2100.00', 'Gujrat me ges tanki bharai', '2022-06-22', '', 7, '2022-07-17 13:46:12'),
(95, '7_62d3c7f7afc69', 2, 17, 'Hadro', 'No', '', '1500.00', 'Karnal khiskaya', '2022-06-17', '', 7, '2022-07-17 13:57:35'),
(96, '7_62d3c88ea2702', 2, 17, 'Madan ji malviya', 'No', 'No', '2820.00', 'Chabana ki farshi', '2022-06-17', '', 7, '2022-07-17 14:00:06'),
(97, '7_62d3c8d2b0ae3', 2, 9, 'Jcb', 'No', 'No', '4800.00', 'Jab kiraya', '2022-06-17', '', 7, '2022-07-17 14:01:14'),
(98, '7_62d3c95dca6a1', 2, 17, 'Chagan ji mistri', 'No', 'No', '2000.00', 'Mistri ji ko kharcha', '2022-06-22', '', 7, '2022-07-17 14:03:33'),
(99, '7_62d3ca1ae9bdb', 2, 17, 'Raju', 'No', 'No', '300.00', 'Channa ki jali', '2022-06-22', '', 7, '2022-07-17 14:06:42'),
(100, '7_62d3ca56b9c67', 2, 7, 'Ret', 'No', 'No', '5000.00', '1 trip', '2022-06-23', '', 7, '2022-07-17 14:07:42'),
(101, '7_62d3cacaa1cab', 2, 17, 'Chagan ji mistri', 'No', 'No', '200.00', 'Khamba muhurat', '2022-07-09', '', 7, '2022-07-17 14:09:38'),
(102, '7_62d3cb1d860b2', 2, 6, 'Ramlal', 'No', 'No', '200.00', 'Safai', '2022-07-09', '', 7, '2022-07-17 14:11:01'),
(103, '7_62d42a1952e5f', 4, 21, 'hemraj ji soni', '9828439832', 'na', '11000.00', '2500  eta', '2022-07-17', '', 7, '2022-07-17 20:56:17'),
(104, '7_62e131634b638', 4, 1, 'deva lal gadri', 'na', 'na', '18100.00', '50 bag', '2022-06-25', '', 7, '2022-07-27 18:06:51'),
(105, '7_62e131cec7b01', 4, 21, 'pawan eat udhyog', 'na', 'na', '13500.00', '2500  eat', '2022-06-25', '', 7, '2022-07-27 18:08:38'),
(106, '7_62e13617a5a98', 4, 1, 'kailash ji sarpanch', 'na', 'na', '43500.00', '150 bag', '2022-06-25', '', 7, '2022-07-27 18:26:55'),
(107, '7_62e13663e052d', 4, 6, 'chagan sing ji mistri', 'na', 'na', '2000.00', 'labour', '2022-06-25', '', 7, '2022-07-27 18:28:11'),
(108, '7_62e1d48dcadc5', 4, 17, 'shanti lal', 'na', '270', '730.00', 'other', '2022-07-01', '', 7, '2022-07-28 05:43:01'),
(109, '7_62e1d4cf5f678', 4, 17, 'shanti lal', 'na', 'na', '160.00', 'brush', '2022-07-03', '', 7, '2022-07-28 05:44:07'),
(110, '7_62e1d546cdd85', 4, 6, 'chagan sing ji mistri', '9783829965', 'na', '5000.00', 'advance', '2022-07-04', '', 7, '2022-07-28 05:46:06'),
(111, '7_62e1d5900c5e5', 4, 21, 'hemran ji soni', '9828439832', 'na', '13500.00', '2500  eat', '2022-07-10', '', 7, '2022-07-28 05:47:20'),
(112, '7_62e1d689b33a6', 4, 6, 'chagan sing ji mistri', '9783829965', 'na', '2000.00', 'advance', '2022-07-10', '', 7, '2022-07-28 05:51:29'),
(113, '7_62e1d6e5cc7a5', 4, 7, 'rameshar jat amargad', 'na', 'na', '50000.00', '10 troli', '2022-07-10', '', 7, '2022-07-28 05:53:01'),
(114, '7_62e1d729cec36', 4, 6, 'chagan sing ji mistri', '9783829965', 'na', '43000.00', 'advance', '2022-07-12', '', 7, '2022-07-28 05:54:09'),
(115, '7_62e1d7aa9bfb5', 4, 17, 'shanti lal', 'na', 'na', '270.00', 'jadu & other', '2022-07-12', '', 7, '2022-07-28 05:56:18'),
(116, '7_62e1d7e1267f5', 4, 17, 'shanti lal', 'na', 'na', '1245.00', 'pal', '2022-07-12', '', 7, '2022-07-28 05:57:13'),
(117, '7_62e1d83ec5d81', 4, 6, 'labour', 'na', 'na', '19700.00', 'gopal ji & other', '2022-07-12', '', 7, '2022-07-28 05:58:46'),
(118, '7_62e1d8986d512', 4, 6, 'dalu ji mistri', 'na', 'na', '50000.00', 'advance', '2022-07-15', '', 7, '2022-07-28 06:00:16'),
(119, '7_62e1d8e53e17e', 4, 6, 'dalu ji mistri', 'na', 'na', '1900.00', 'beshment me 3 din work', '2022-07-15', '', 7, '2022-07-28 06:01:33'),
(120, '7_62e1d9de280d6', 4, 9, 'roder', 'na', 'na', '3000.00', 'mahender malviya', '2022-07-16', '', 7, '2022-07-28 06:05:42'),
(121, '7_62e1db2dd17a7', 4, 20, 'marbal', 'na', 'na', '40500.00', 'gst&royalty&kiraya&advance', '2022-07-01', '', 7, '2022-07-28 06:11:17'),
(122, '7_62e1dba462396', 4, 7, 'sana ka kheda', 'na', 'na', '4200.00', '2 troli', '2022-06-10', '', 7, '2022-07-28 06:13:16'),
(123, '7_62e1dbe9e106c', 4, 17, 'shanti lal', 'na', 'na', '550.00', 'other', '2022-06-13', '', 7, '2022-07-28 06:14:25'),
(124, '7_62e1dc4cf2867', 4, 17, 'other', 'na', 'na', '235.00', 'matki&chargota', '2022-06-13', '', 7, '2022-07-28 06:16:04'),
(125, '7_62e1dca061e6e', 4, 7, 'sana ka kheda', 'na', 'na', '2100.00', '1 troli', '2022-06-13', '', 7, '2022-07-28 06:17:28'),
(126, '7_62e1dd027805e', 4, 6, 'gopal ji karigar', 'na', 'na', '6000.00', 'gopal ji bohra', '2022-06-13', '', 7, '2022-07-28 06:19:06'),
(127, '7_62e1dd9cdd5a0', 4, 16, 'sitaram electrikals danta', 'na', 'na', '6800.00', 'motor&kabal&pankha', '2022-06-14', '', 7, '2022-07-28 06:21:40'),
(128, '7_62e1ddf980e9a', 4, 20, 'marbal', 'na', 'na', '50000.00', 'advance', '2022-06-17', '', 7, '2022-07-28 06:23:13'),
(129, '7_62e1de4c6c7de', 4, 17, 'shanti lal', 'na', 'na', '2550.00', 'other', '2022-06-16', '', 7, '2022-07-28 06:24:36'),
(130, '7_62e1df07b38ed', 4, 17, 'ankur traders bhilwara', 'na', 'na', '2935.00', 'bansh & rassi', '2022-06-17', '', 7, '2022-07-28 06:27:43'),
(131, '7_62e1df6e3938f', 4, 6, 'labour', 'na', 'na', '1650.00', 'shankar bhil karigar', '2022-06-24', '', 7, '2022-07-28 06:29:26'),
(132, '7_62e1dfbd2bae1', 4, 6, 'labour', 'na', 'na', '3000.00', 'kanku devi', '2022-06-25', '', 7, '2022-07-28 06:30:45'),
(133, '7_62e1dfee8607e', 4, 6, 'labour', 'na', 'na', '3000.00', 'geeta devi', '2022-06-25', '', 7, '2022-07-28 06:31:34'),
(134, '7_62e1e0267ead4', 4, 6, 'labour', 'na', 'na', '1200.00', 'durga devi', '2022-06-25', '', 7, '2022-07-28 06:32:30'),
(135, '7_62e1e063e6d5f', 4, 9, 'jcb', 'na', 'na', '1500.00', 'rameshar ji', '2022-06-25', '', 7, '2022-07-28 06:33:31'),
(136, '7_62e1e0af322c1', 4, 17, 'other', 'na', 'na', '800.00', 'dalu se milk', '2022-06-25', '', 7, '2022-07-28 06:34:47'),
(137, '7_62e1e0ed3ec52', 4, 6, 'chagan sing ji mistri', '9783829965', 'na', '59050.00', 'advance', '2022-06-25', '', 7, '2022-07-28 06:35:49'),
(138, '7_62e1e1368e1b7', 4, 17, 'kirana', 'na', 'na', '970.00', 'badri ki dukan se', '2022-06-25', '', 7, '2022-07-28 06:37:02'),
(139, '7_632452bc2485f', 4, 20, 'marbal', '0000000000', 'na', '14500.00', 'marbal ki royalty&bhada', '2022-07-23', '', 7, '2022-09-16 16:11:00'),
(140, '7_6324530f4a51d', 4, 1, 'shanti lal', 'na', 'na', '150.00', 'white cement', '2022-07-23', '', 7, '2022-09-16 16:12:23'),
(141, '7_632453654369b', 4, 6, 'chagan sing ji mistri', 'na', 'na', '5000.00', 'adv', '2022-07-23', '', 7, '2022-09-16 16:13:49'),
(142, '7_632453b83f823', 4, 20, 'nana lal ji', 'na', 'na', '40000.00', 'marbal payment', '2022-07-23', '', 7, '2022-09-16 16:15:12'),
(143, '7_6324541491bc7', 4, 6, 'chagan sing ji mistri', 'na', 'na', '15000.00', 'adv', '2022-08-09', '', 7, '2022-09-16 16:16:44'),
(144, '7_63245462c2ff4', 4, 6, 'dalu ji mistri', 'na', 'na', '1000.00', 'labour shyam lal', '2022-08-09', '', 7, '2022-09-16 16:18:02'),
(145, '7_632454baaa09a', 4, 16, 'mahavir', 'na', 'na', '2712.00', 'saman', '2022-08-09', '', 7, '2022-09-16 16:19:30'),
(146, '7_63245524d96b0', 4, 17, 'chagan sing ji mistri', 'na', 'na', '2090.00', 'celling fen& majduri', '2022-08-09', '', 7, '2022-09-16 16:21:16'),
(147, '7_6324557c16d6e', 4, 14, 'sariya', 'na', 'na', '25000.00', 'room rcc hetu sariya', '2022-08-15', '', 7, '2022-09-16 16:22:44'),
(148, '7_632456e9c4f54', 4, 17, 'shanti lal', 'na', '98', '1050.00', 'sabal 2 nag', '2022-08-18', '', 7, '2022-09-16 16:28:49'),
(149, '7_6324575f34bbe', 4, 6, 'chagan sing ji mistri', 'na', 'na', '5000.00', 'adv', '2022-08-23', '', 7, '2022-09-16 16:30:47'),
(150, '7_632457c5e117d', 4, 6, 'raju sharma rcc', 'na', 'na', '25000.00', 'room pr rcc labour', '2022-08-30', '', 7, '2022-09-16 16:32:29'),
(151, '7_63245e949be20', 4, 21, 'badri ji doliya', 'na', 'na', '51000.00', 'eta dan me dhi', '2022-08-30', '', 7, '2022-09-16 17:01:32'),
(152, '7_63245edae6e83', 4, 21, 'ramesar ji heera lal ji doliya', 'na', 'na', '51000.00', 'eta dan me dhi', '2022-08-30', '', 7, '2022-09-16 17:02:42'),
(153, '7_6367ad41c037c', 1, 20, 'Nana lal ji', 'No', 'No', '50000.00', 'Marbal', '2022-10-14', '', 7, '2022-11-06 18:19:05'),
(154, '7_6367ae17df38c', 1, 20, 'Nana lal ji', 'No', 'No', '50000.00', 'Marbal', '2022-10-21', '', 7, '2022-11-06 18:22:39'),
(155, '7_636b9e4a3e99e', 4, 14, 'sariya', 'na', 'na', '22200.00', 'room hetu sariya', '2022-08-15', '', 7, '2022-11-09 18:04:18'),
(156, '7_636b9f273b462', 4, 14, 'sariya', 'na', 'na', '31000.00', 'room hetu sariya', '2022-08-18', '', 7, '2022-11-09 18:07:59'),
(157, '7_636b9feaf083e', 4, 20, 'nana lal ji', 'na', 'na', '100000.00', 'marbal advance', '2022-09-11', '', 7, '2022-11-09 18:11:14'),
(158, '7_636ba03059f27', 4, 6, 'chagan sing ji mistri', 'na', 'na', '10000.00', 'ad', '2022-09-12', '', 7, '2022-11-09 18:12:24'),
(159, '7_636ba08ea505a', 4, 17, 'other', 'na', 'na', '1100.00', 'mistry ji hetu ges tanki', '2022-09-12', '', 7, '2022-11-09 18:13:58'),
(160, '7_636ba1031bd27', 4, 19, 'lehru gordhan ji jat', 'na', 'na', '150000.00', 'jagah ka last payment', '2022-09-14', '', 7, '2022-11-09 18:15:55'),
(161, '7_636ba15235945', 4, 19, 'other', 'na', 'na', '3250.00', 'rajistry hetu istamp', '2022-09-14', '', 7, '2022-11-09 18:17:14'),
(162, '7_636ba1edcfa0a', 4, 19, 'other', 'na', 'na', '1100.00', 'rajistry kharcha', '2022-09-14', '', 7, '2022-11-09 18:19:49'),
(163, '7_636ba2df095a0', 4, 9, 'roder', 'na', 'na', '3000.00', 'marbal utara', '2022-09-18', '', 7, '2022-11-09 18:23:51'),
(164, '7_636ba328c3fef', 4, 6, 'chagan sing ji mistri', 'na', 'na', '2000.00', 'khamba khada kiya', '2022-09-18', '', 7, '2022-11-09 18:25:04'),
(165, '7_636ba39f20560', 4, 6, 'chagan sing ji mistri', 'na', 'na', '60000.00', 'mama ji ke kam me', '2022-09-20', '', 7, '2022-11-09 18:27:03'),
(166, '7_636ba3e01fae5', 4, 6, 'chagan sing ji mistri', 'na', 'na', '5000.00', 'ad', '2022-10-05', '', 7, '2022-11-09 18:28:08'),
(167, '7_636ba48104f0d', 4, 20, 'marbal', 'na', 'na', '15000.00', 'royalty&tax+bhada', '2022-10-10', '', 7, '2022-11-09 18:30:49'),
(168, '7_636ba4ab380d0', 4, 6, 'chagan sing ji mistri', 'na', 'na', '2000.00', 'ad', '2022-10-18', '', 7, '2022-11-09 18:31:31'),
(169, '7_636ba4ef6d828', 4, 17, 'other', 'na', 'na', '1080.00', 'mistry ji ges tanki', '2022-10-18', '', 7, '2022-11-09 18:32:39'),
(170, '7_636ba51ceae0f', 4, 6, 'chagan sing ji mistri', 'na', 'na', '40000.00', 'ad', '2022-10-19', '', 7, '2022-11-09 18:33:24'),
(171, '7_636ba582aa8ab', 4, 20, 'marbal', 'na', 'na', '15000.00', 'royalty&tax+bhada', '2022-10-21', '', 7, '2022-11-09 18:35:06'),
(172, '7_636ba5bf1707d', 4, 20, 'roder', 'na', 'na', '3000.00', 'marbal utaraya', '2022-10-21', '', 7, '2022-11-09 18:36:07'),
(173, '7_636ba5ee99619', 4, 6, 'chagan sing ji mistri', 'na', 'na', '2000.00', 'ad', '2022-11-06', '', 7, '2022-11-09 18:36:54'),
(174, '7_636baf3e4f0ce', 2, 17, 'other', 'na', 'na', '40.00', 'pana banaya', '2022-07-17', '', 7, '2022-11-09 19:16:38'),
(175, '7_636baf919c253', 2, 20, 'marbal', 'na', 'na', '300.00', 'marbal utarne me labour', '2022-07-23', '', 7, '2022-11-09 19:18:01'),
(176, '7_636bafea539ba', 2, 20, 'marbal', 'na', 'na', '20000.00', 'royalty&tax+bhada', '2022-07-23', '', 7, '2022-11-09 19:19:30'),
(177, '7_636bb0d9e41f6', 2, 13, 'other', 'na', 'na', '120.00', 'tea kharch', '2022-07-24', '', 7, '2022-11-09 19:23:29'),
(178, '7_636bb2280eb80', 2, 20, 'marbal', 'na', 'na', '20000.00', 'royalty&tax+bhada', '2022-07-25', '', 7, '2022-11-09 19:29:04'),
(179, '7_636bb2fa4f743', 2, 6, 'labour', 'na', 'na', '100.00', 'tank safai', '2022-07-25', '', 7, '2022-11-09 19:32:34'),
(180, '7_636bb34d58505', 2, 6, 'chagan sing ji mistri', 'na', 'na', '6000.00', 'ad', '2022-07-27', '', 7, '2022-11-09 19:33:57'),
(181, '7_636bb423c9964', 2, 17, 'narayan gadri', 'na', 'na', '350.00', 'water tankar', '2022-08-04', '', 7, '2022-11-09 19:37:31'),
(182, '7_636bb50a40f71', 2, 6, 'chagan sing ji mistri', 'na', 'na', '40000.00', 'ad', '2022-08-09', '', 7, '2022-11-09 19:41:22'),
(183, '7_636bb5915d7de', 2, 17, 'other', 'na', 'na', '350.00', 'rcc me kile 4 kg', '2022-08-09', '', 7, '2022-11-09 19:43:37'),
(184, '7_636bb67cae34f', 2, 20, 'marbal', 'na', 'na', '17550.00', 'royalty&tax+bhada', '2022-08-29', '', 7, '2022-11-09 19:47:32'),
(185, '7_636bb703ce927', 2, 6, 'chagan sing ji mistri', 'na', 'na', '1000.00', 'ad', '2022-08-01', '', 7, '2022-11-09 19:49:47'),
(186, '7_636bbc0e0848d', 2, 16, 'laxman joshi', 'na', 'na', '2400.00', 'room ki chat me pipe+majduri', '2022-09-05', '', 7, '2022-11-09 20:11:18'),
(187, '7_636bbc4138a07', 2, 6, 'chagan sing ji mistri', 'na', 'na', '225.00', 'atta 10 kg', '2022-09-06', '', 7, '2022-11-09 20:12:09'),
(188, '7_636bbc7fe85bd', 2, 6, 'iswar gadri', 'na', 'na', '800.00', 'labour', '2022-09-12', '', 7, '2022-11-09 20:13:11'),
(189, '7_636bbcc38d24e', 2, 6, 'chagan sing ji mistri', 'na', 'na', '280.00', 'atta 10 kg', '2022-09-16', '', 7, '2022-11-09 20:14:19'),
(190, '7_636bbd427f91a', 2, 17, 'other', 'na', 'na', '65.00', 'neem katai', '2022-09-16', '', 7, '2022-11-09 20:16:26'),
(191, '7_636bbd74c4db5', 2, 6, 'chagan sing ji mistri', 'na', 'na', '100.00', 'aata 5 kg', '2022-10-17', '', 7, '2022-11-09 20:17:16'),
(192, '7_63a04d3abbcec', 2, 6, 'chagan sing ji mistri', 'na', 'na', '14000.00', 'ad', '2022-11-15', '', 7, '2022-12-19 17:08:34'),
(195, '7_63c4acf02014f', 1, 17, 'other', 'na', 'na', '700.00', 'mistri ji ko rasoi ka saman', '2022-05-11', '', 7, '2023-01-16 07:18:32'),
(196, '7_63c4ada56c754', 1, 17, 'other', 'na', 'na', '360.00', '9 nag i card banaye', '2022-05-31', '', 7, '2023-01-16 07:21:33'),
(197, '7_63c4ae02a7f14', 1, 17, 'other', 'na', 'na', '4300.00', '7 gadda+7 takiya', '2022-06-11', '', 7, '2023-01-16 07:23:06'),
(198, '7_63c4ae56d83b4', 1, 17, 'other', 'na', 'na', '1450.00', 'ges chulla', '2022-06-11', '', 7, '2023-01-16 07:24:30'),
(199, '7_63c4aebd9714b', 1, 17, 'other', 'na', 'na', '220.00', 'tava+shabji chammach', '2022-06-11', '', 7, '2023-01-16 07:26:13'),
(200, '7_63c4af16d971a', 1, 17, 'other', 'na', 'na', '2570.00', '7 nag chadder', '2022-06-11', '', 7, '2023-01-16 07:27:42'),
(201, '7_63c4af972f96f', 1, 17, 'kailash ji pandiya', 'na', 'na', '9000.00', 'bansh +baliya+kiraya', '2022-06-14', '', 7, '2023-01-16 07:29:51'),
(202, '7_63c4b017d0ab6', 1, 20, 'marbal', 'na', 'na', '7000.00', 'marbal ki royalty', '2022-06-22', '', 7, '2023-01-16 07:31:59'),
(203, '7_63c4b071e5243', 1, 17, 'kailash ji pandiya', 'na', 'na', '2700.00', 'tirpal', '2022-07-25', '', 7, '2023-01-16 07:33:29'),
(204, '7_63c4b0ea16ba7', 1, 9, 'roder', 'na', 'na', '3000.00', 'laxminarayan ko', '2022-07-29', '', 7, '2023-01-16 07:35:30'),
(205, '7_63c4b17cde408', 1, 17, 'kailash ji pandiya', 'na', 'na', '5600.00', 'challi+baliya+kiraya', '2022-09-19', '', 7, '2023-01-16 07:37:56'),
(206, '7_63c4b1e08b2cb', 1, 17, 'kailash ji pandiya', 'na', 'na', '6880.00', 'challi+baliya+kiraya', '2022-10-04', '', 7, '2023-01-16 07:39:36'),
(207, '7_63c4b2761d036', 1, 9, 'chagan sing ji mistri', 'na', 'na', '4000.00', 'sarvan ko roder ke', '2022-10-14', '', 7, '2023-01-16 07:42:06'),
(208, '7_63c4b2d563b9a', 1, 20, 'nana lal ji', 'na', 'na', '50000.00', 'damper pakda tb', '2022-10-14', '', 7, '2023-01-16 07:43:41'),
(209, '7_63c4b33c64e3e', 1, 20, 'nana lal ji', 'na', 'na', '50000.00', 'retern mal vapis aaya tb', '2022-10-21', '', 7, '2023-01-16 07:45:24'),
(210, '7_63c4b38b43144', 1, 20, 'nana lal ji', 'na', 'na', '50000.00', 'tisri bar dale', '2022-11-07', '', 7, '2023-01-16 07:46:43'),
(211, '7_63c4b3cd1d4ab', 1, 17, 'kailash ji pandiya', 'na', 'na', '5500.00', '20 nag baliya', '2022-11-10', '', 7, '2023-01-16 07:47:49'),
(212, '7_63c4b43cdf5e0', 1, 20, 'marbal driver', 'na', 'na', '8000.00', 'marbal ki royalty', '2022-11-10', '', 7, '2023-01-16 07:49:40'),
(213, '7_63c4b49b6b398', 1, 17, 'kailash ji pandiya', 'na', 'na', '4700.00', 'challi+baliya+kiraya', '2022-12-01', '', 7, '2023-01-16 07:51:15'),
(214, '7_63c4b50f7e58c', 1, 20, 'nana lal ji', 'na', 'na', '1.00', '50000 mahender ji mali+50000 lala ke', '2022-12-20', '', 7, '2023-01-16 07:53:11'),
(215, '7_63c4b5b4a7a95', 1, 20, 'marbal driver', 'na', 'na', '9000.00', 'marbal ki royalty', '2023-01-11', '', 7, '2023-01-16 07:55:56'),
(216, '7_63c5fd3abeb4f', 4, 6, 'chagan sing ji mistri', 'na', 'na', '10000.00', 'ad', '2022-12-31', '', 7, '2023-01-17 07:13:22'),
(217, '7_63c5fde833fbd', 4, 6, 'chagan sing ji mistri', 'na', 'na', '10000.00', 'ad', '2023-01-13', '', 7, '2023-01-17 07:16:16'),
(218, '7_63c5fe33c75f7', 4, 6, 'dalu ji mistri', 'na', 'na', '10000.00', 'balu ji gadri ko', '2023-01-13', '', 7, '2023-01-17 07:17:31'),
(219, '7_63c5fea333ee5', 4, 6, 'chagan sing ji mistri', 'na', 'na', '5000.00', 'ad', '2022-11-10', '', 7, '2023-01-17 07:19:23'),
(220, '7_63c5ff31571ef', 4, 20, 'marbal driver', 'na', 'na', '10997.00', 'gst+royalty+kiraya', '2022-11-10', '', 7, '2023-01-17 07:21:45'),
(221, '7_63c5ff7d03625', 4, 20, 'nana lal ji', 'na', 'na', '190000.00', 'marbal payment', '2022-11-15', '', 7, '2023-01-17 07:23:01'),
(222, '7_63c5ffe16ae04', 4, 17, 'kailash ji pandiya', 'na', 'na', '330.00', 'nariyal ki rassi', '2022-12-12', '', 7, '2023-01-17 07:24:41'),
(223, '7_63c6004383f03', 4, 20, 'marbal driver', 'na', 'na', '15000.00', 'gst+royalty+bhada', '2022-12-14', '', 7, '2023-01-17 07:26:19'),
(224, '7_63c6008560fab', 4, 9, 'roder', 'na', 'na', '3000.00', 'marbal utraya', '2022-12-14', '', 7, '2023-01-17 07:27:25'),
(225, '7_63c600b1d4941', 4, 6, 'chagan sing ji mistri', 'na', 'na', '10000.00', 'ad', '2022-12-14', '', 7, '2023-01-17 07:28:09'),
(226, '7_63c600e5302ba', 4, 6, 'chagan sing ji mistri', 'na', 'na', '5000.00', 'ad', '2022-12-17', '', 7, '2023-01-17 07:29:01'),
(227, '7_63c6013840374', 4, 6, 'chagan sing ji mistri', 'na', 'na', '5000.00', 'ad', '2022-11-23', '', 7, '2023-01-17 07:30:24'),
(228, '7_63c60175b2a3a', 4, 17, 'kailash ji pandiya', 'na', 'na', '330.00', 'nariyal ki rassi', '2022-11-23', '', 7, '2023-01-17 07:31:25'),
(229, '7_63c601aade63b', 4, 17, 'other', 'na', 'na', '420.00', 'sariya kataya', '2022-11-23', '', 7, '2023-01-17 07:32:18'),
(230, '7_63c601edab3ee', 4, 17, 'other', 'na', 'na', '6000.00', '6 nag rajai', '2022-11-23', '', 7, '2023-01-17 07:33:25'),
(231, '7_63c60223b1cec', 4, 9, 'hadro', 'na', '', '100.00', 'majdur', '2022-11-23', '', 7, '2023-01-17 07:34:19'),
(232, '7_63c6025c482e2', 4, 6, 'chagan sing ji mistri', 'na', 'na', '300.00', '15 kg aata', '2022-11-23', '', 7, '2023-01-17 07:35:16'),
(233, '7_63c602990d04d', 4, 17, 'other', 'na', 'na', '50.00', 'marbal me holl', '2022-11-23', '', 7, '2023-01-17 07:36:17'),
(234, '7_63c602d0238da', 4, 6, 'chagan sing ji mistri', 'na', 'na', '200.00', '10 kg aata', '2022-11-23', '', 7, '2023-01-17 07:37:12'),
(235, '7_63c6032028f7f', 4, 16, 'kailash ji pandiya', 'na', 'na', '950.00', 'light ka saman', '2022-11-23', '', 7, '2023-01-17 07:38:32'),
(236, '7_63c74095bec66', 4, 6, 'chagan sing ji mistri', 'na', 'na', '1500.00', 'ad', '2022-12-23', '', 7, '2023-01-18 06:13:01'),
(237, '7_63c740d2b351b', 4, 6, 'chagan sing ji mistri', 'na', 'na', '1080.00', 'ges tanki', '2022-12-23', '', 7, '2023-01-18 06:14:02'),
(238, '7_63c74134b384b', 4, 17, 'kailash ji pandiya', 'na', 'na', '330.00', 'nariyal ki rassi', '2022-12-17', '', 7, '2023-01-18 06:15:40'),
(239, '7_63c7419411bef', 4, 1, 'shanti lal', 'na', 'na', '1200.00', 'white cement', '2022-12-17', '', 7, '2023-01-18 06:17:16'),
(240, '7_63c741e6b2f68', 4, 17, 'kailash ji pandiya', 'na', 'na', '7800.00', 'bansh+baliya+rassi', '2022-12-20', '', 7, '2023-01-18 06:18:38'),
(241, '7_63c7426848c3f', 4, 6, 'labour', 'na', 'na', '4500.00', 'labour payment', '2022-12-20', '', 7, '2023-01-18 06:20:48'),
(242, '7_63c742ffe28cd', 4, 6, 'chagan sing ji mistri', 'na', 'na', '10000.00', 'ad', '2022-11-30', '', 7, '2023-01-18 06:23:19'),
(243, '7_63c7433752296', 4, 6, 'chagan sing ji mistri', 'na', 'na', '32000.00', 'ad', '2022-12-05', '', 7, '2023-01-18 06:24:15'),
(244, '7_63c7439e89010', 4, 6, 'chagan sing ji mistri', 'na', 'na', '1800.00', 'kanku devi+geeta devi 3+3 din', '2023-01-09', '', 7, '2023-01-18 06:25:58'),
(245, '7_63c7444058211', 4, 1, 'deva lal gadri', 'na', 'na', '10600.00', '30 bag', '2023-01-09', '', 7, '2023-01-18 06:28:40'),
(246, '7_63c74495036d8', 4, 6, 'chagan sing ji mistri', 'na', 'na', '5000.00', 'ad', '2023-01-09', '', 7, '2023-01-18 06:30:05'),
(247, '7_63c7452317cb5', 4, 21, 'rameshar ji malviya luhariya', 'na', 'na', '48000.00', '4 trolli eta', '2023-01-12', '', 7, '2023-01-18 06:32:27'),
(248, '7_63c7456c5248c', 4, 6, 'chagan sing ji mistri', 'na', 'na', '10000.00', 'balu dwara', '2023-01-02', '', 7, '2023-01-18 06:33:40'),
(249, '7_63c745d9ba644', 4, 9, 'roder', 'na', 'na', '3000.00', 'marbal utraya', '2023-01-12', '', 7, '2023-01-18 06:35:29'),
(250, '7_63c746202ecd2', 4, 20, 'marbal driver', 'na', 'na', '7780.00', 'gst+royalty+bhada', '2023-01-12', '', 7, '2023-01-18 06:36:40'),
(251, '7_63c74665e814d', 4, 6, 'chagan sing ji mistri', 'na', 'na', '10000.00', 'ad', '2022-12-28', '', 7, '2023-01-18 06:37:49'),
(252, '7_63c746999c277', 4, 1, 'deva lal gadri', 'na', 'na', '10600.00', '30 bag', '2022-12-28', '', 7, '2023-01-18 06:38:41'),
(253, '7_63c7470640aff', 4, 17, 'kailash ji pandiya', 'na', 'na', '140.00', 'plastik rassi', '2022-12-29', '', 7, '2023-01-18 06:40:30'),
(254, '7_63c7475bb7aa8', 4, 6, 'chagan sing ji mistri', 'na', 'na', '900.00', 'manju suthar 3 din', '2022-12-29', '', 7, '2023-01-18 06:41:55'),
(255, '7_63d46ee90d770', 1, 6, 'chagan sing ji mistri', 'na', 'na', '5300.00', 'roder ke 5000+300hemal koli choki pr pattiya by shyam', '2023-01-25', '', 7, '2023-01-28 06:10:09'),
(256, '7_63d46f57f006a', 1, 20, 'nana lal ji', 'na', 'na', '1.00', '31 jan tk mal bhejne ki bat kahi tb 50000', '2023-01-26', '', 7, '2023-01-28 06:11:59'),
(257, '7_6415a615c14e0', 1, 20, 'nana lal ji', 'na', 'na', '50000.00', '219808 se 50000 on line jama', '2023-04-09', '', 7, '2023-03-18 17:22:53'),
(258, '7_64190e5135ce3', 4, 6, 'chagan sing ji mistri', 'na', 'na', '20000.00', 'ad  balu dwara', '2023-01-19', '', 7, '2023-03-21 07:24:25'),
(259, '7_64190fd0a2499', 4, 6, 'chagan sing ji mistri', 'na', 'na', '5000.00', 'ad', '2023-02-07', '', 7, '2023-03-21 07:30:48'),
(260, '7_6419100a0e038', 4, 6, 'chagan sing ji mistri', 'na', 'na', '30000.00', 'ad', '2023-02-13', '', 7, '2023-03-21 07:31:46'),
(261, '7_6419106829281', 4, 6, 'chagan sing ji mistri', 'na', 'na', '6000.00', 'ad', '2023-02-19', '', 7, '2023-03-21 07:33:20'),
(262, '7_6419119dd416d', 4, 6, 'chagan sing ji mistri', 'na', 'na', '55000.00', 'ad', '2023-03-03', '', 7, '2023-03-21 07:38:29'),
(263, '7_64191200185bd', 4, 9, 'chagan sing ji mistri', 'na', 'na', '6000.00', 'roder bhada nij mandir', '2023-03-03', '', 7, '2023-03-21 07:40:08'),
(264, '7_64191285a894c', 4, 20, 'nana lal ji', 'na', 'na', '300000.00', '519808 se 300000 diya', '2023-03-16', '', 7, '2023-03-21 07:42:21'),
(265, '7_641a534b4353e', 4, 17, 'other', 'na', '', '600.00', 'marbal catting patta', '2022-12-11', '', 7, '2023-03-22 06:30:59'),
(266, '7_641a55978fe08', 4, 6, 'labour', 'na', '', '900.00', 'bhagwati devi', '2022-12-20', '', 7, '2023-03-22 06:40:47'),
(267, '7_641a55dae645f', 4, 6, 'labour', 'na', '', '900.00', 'geeta devi', '2022-12-20', '', 7, '2023-03-22 06:41:54'),
(268, '7_641a561990159', 4, 6, 'labour', 'na', '', '900.00', 'sumitra devi', '2022-12-20', '', 7, '2023-03-22 06:42:57'),
(269, '7_641a564be335a', 4, 6, 'labour', 'na', '', '900.00', 'prem devi', '2022-12-20', '', 7, '2023-03-22 06:43:47'),
(270, '7_641a56835374e', 4, 6, 'labour', 'na', '', '900.00', 'kanku devi', '2022-12-20', '', 7, '2023-03-22 06:44:43'),
(271, '7_641a59b3d9ce9', 4, 17, 'other', 'na', '', '210.00', 'p o p 3 bag', '2023-01-15', '', 7, '2023-03-22 06:58:19'),
(272, '7_641a5a17bcc96', 4, 6, 'dalu ji mistri', 'na', '', '1000.00', 'geeta suthar', '2023-02-07', '', 7, '2023-03-22 06:59:59'),
(273, '7_641a5a66d07c3', 4, 17, 'other', 'na', '', '757.00', 'ugai me bus kiraya', '2023-02-07', '', 7, '2023-03-22 07:01:18'),
(274, '7_641a5a9ac8963', 4, 17, 'other', 'na', '', '30.00', 'khali pipa', '2023-02-07', '', 7, '2023-03-22 07:02:10'),
(275, '7_641a5b3b0d18b', 4, 1, 'deva lal gadri', 'na', '', '10500.00', 'cement 30 bag', '2023-02-13', '', 7, '2023-03-22 07:04:51'),
(276, '7_641a5bb6e17e8', 4, 6, 'labour', 'na', '', '5000.00', 'nohra gate pr rcc majduri', '2023-02-13', '', 7, '2023-03-22 07:06:54'),
(277, '7_641a5c406a33d', 4, 21, 'eta', 'na', '', '11500.00', '1 trolli eta', '2023-02-13', '', 7, '2023-03-22 07:09:12'),
(278, '7_641a5cb637e41', 4, 14, 'sariya', 'na', '', '28000.00', 'nohra gate pr rcc me sariya', '2023-02-13', '', 7, '2023-03-22 07:11:10'),
(279, '7_641a5d3a82c67', 4, 20, 'marbal', 'na', '', '17200.00', 'gst & royalty & truk bhada', '2023-02-13', '', 7, '2023-03-22 07:13:22'),
(280, '7_641a5dd77320d', 4, 9, 'roder', 'na', '', '6000.00', 'marbal utraya', '2023-03-03', '', 7, '2023-03-22 07:15:59'),
(281, '7_641a5e6a78968', 4, 6, 'dalu ji mistri', 'na', '', '11600.00', 'kanku+durga+prem+shyam bhil', '2023-03-03', '', 7, '2023-03-22 07:18:26'),
(282, '7_641a5eb488e1b', 4, 20, 'marbal', 'na', '', '2000.00', 'royalty advance', '2023-03-03', '', 7, '2023-03-22 07:19:40'),
(283, '7_644913470e1a2', 4, 6, 'dalu ji mistri', 'na', 'na', '5000.00', 'geeta devi suthar', '2023-02-13', '', 7, '2023-04-26 17:34:23'),
(284, '7_644914621b406', 4, 6, 'dalu ji mistri', 'na', 'na', '1450.00', 'radha bhil', '2023-03-03', '', 7, '2023-04-26 17:39:06'),
(285, '7_6449162fc3ded', 4, 6, 'chagan sing ji mistri', 'na', 'na', '2000.00', 'ad lala ko diya', '2023-03-27', '', 7, '2023-04-26 17:46:47'),
(286, '7_6449168dc5ef4', 4, 13, 'kirana stor', 'na', 'na', '2090.00', 'mistri ji ke liye tea sugar kup', '2023-04-04', '', 7, '2023-04-26 17:48:21'),
(287, '7_644916c0e2ca6', 4, 6, 'dalu ji mistri', 'na', 'na', '300.00', 'chanda luhar', '2023-04-07', '', 7, '2023-04-26 17:49:12'),
(288, '7_64491716e6c27', 4, 14, 'other', 'na', 'na', '800.00', 'rcc me kile', '2023-04-07', '', 7, '2023-04-26 17:50:38'),
(289, '7_644918161edf1', 4, 6, 'rcc raju teli mandal', 'na', 'na', '30000.00', 'rcc advance', '2023-04-07', '', 7, '2023-04-26 17:54:54'),
(290, '7_644918743777b', 4, 14, 'charbhuja bhilwara', 'na', 'na', '224500.00', 'sariya', '2023-04-07', '', 7, '2023-04-26 17:56:28'),
(291, '7_644918b4e10c8', 4, 12, 'other', 'na', 'na', '4600.00', 'rasid book + letter pad', '2023-04-12', '', 7, '2023-04-26 17:57:32'),
(292, '7_644918dace315', 4, 6, 'chagan sing ji mistri', 'na', 'na', '3000.00', 'ad', '2023-04-14', '', 7, '2023-04-26 17:58:10'),
(293, '7_64491922e87b6', 4, 6, 'rcc raju teli mandal', 'na', 'na', '30000.00', 'rcc advance', '2023-04-14', '', 7, '2023-04-26 17:59:22'),
(294, '7_6449198c9f9a5', 4, 17, 'shanti lal', 'na', 'na', '1085.00', 'safed cement+light feeting pipe', '2023-04-14', '', 7, '2023-04-26 18:01:08'),
(295, '7_64491b54121c2', 4, 17, 'other', 'na', 'na', '660.00', 'fan repair', '2023-04-14', '', 7, '2023-04-26 18:08:44'),
(296, '7_64491b884f982', 4, 16, 'shanti lal', 'na', 'na', '1160.00', 'pipe bend', '2023-04-15', '', 7, '2023-04-26 18:09:36'),
(297, '7_64491bacc58d0', 4, 6, 'chagan sing ji mistri', 'na', 'na', '12000.00', 'ad', '2023-04-20', '', 7, '2023-04-26 18:10:12'),
(298, '7_64491be2b8a47', 4, 6, 'dalu ji mistri', 'na', 'na', '650.00', 'shankar badi guwadi', '2023-04-20', '', 7, '2023-04-26 18:11:06'),
(299, '7_64491c621084e', 4, 1, 'kailash ji sarpanch', 'na', 'na', '92000.00', 'rcc me 370*250 bag', '2023-04-22', '', 7, '2023-04-26 18:13:14'),
(300, '7_64491c9ed5cff', 4, 6, 'rcc raju teli mandal', 'na', 'na', '35000.00', 'rcc advance', '2023-04-22', '', 7, '2023-04-26 18:14:14'),
(301, '7_64491cc591937', 4, 6, 'chagan sing ji mistri', 'na', 'na', '25000.00', 'rcc ke din', '2023-04-22', '', 7, '2023-04-26 18:14:53'),
(302, '7_64491d3962342', 4, 13, 'other', 'na', 'na', '965.00', 'rcc muhurt&tea', '2023-04-22', '', 7, '2023-04-26 18:16:49'),
(303, '7_64491db531b54', 4, 17, 'shanti lal', 'na', 'na', '1600.00', 'watar nali 100 fit+oil', '2023-04-22', '', 7, '2023-04-26 18:18:53'),
(304, '7_64491e15ab2c6', 4, 7, 'rameshar jat amargad', 'na', 'na', '14000.00', 'rcc me ret', '2023-04-22', '', 7, '2023-04-26 18:20:29'),
(305, '7_6449c8cd563d2', 1, 20, 'marbal driver', 'na', 'na', '14155.00', 'royalty+gst+bhada', '2023-03-01', '', 7, '2023-04-27 06:28:53'),
(306, '7_6449ca4e8be56', 1, 16, 'kailash ji pandiya', 'na', 'na', '5310.00', 'rcc me light feeting', '2023-04-10', '', 7, '2023-04-27 06:35:18'),
(307, '7_6449cad115c98', 1, 17, 'shanti lal', 'na', 'na', '785.00', 'safed cement+nat bolt', '2023-04-10', '', 7, '2023-04-27 06:37:29'),
(308, '7_6449cb61a97a4', 1, 17, 'shanti lal', 'na', 'na', '1750.00', 'steel hook banai', '2023-04-22', '', 7, '2023-04-27 06:39:53'),
(309, '7_6449cb9a48292', 1, 17, 'shanti lal', 'na', 'na', '200.00', 'steel velding rod', '2023-04-22', '', 7, '2023-04-27 06:40:50'),
(310, '7_6449cc0c345ec', 1, 13, 'kirana', 'na', 'na', '250.00', 'rcc me tea+sugar jorapura', '2023-04-22', '', 7, '2023-04-27 06:42:44'),
(311, '7_64e2af3b0a3b5', 4, 6, 'chagan sing ji mistri', 'na', 'na', '3000.00', 'ad', '2023-05-20', '', 7, '2023-08-21 05:56:35'),
(312, '7_64e2afc8d0f3a', 4, 20, 'nana lal ji', 'na', 'na', '100000.00', 'marbal', '2023-05-20', '', 7, '2023-08-21 05:58:56'),
(313, '7_64e2b011bdfa1', 4, 6, 'chagan sing ji mistri', 'na', 'na', '1100.00', 'ges tanki', '2023-05-20', '', 7, '2023-08-21 06:00:09'),
(314, '7_64e2b04c11604', 4, 17, 'other', 'na', 'na', '120.00', 'tea saman', '2023-05-20', '', 7, '2023-08-21 06:01:08'),
(315, '7_64e2b0a4f1932', 4, 17, 'other', 'na', 'na', '660.00', 'loha seat+gond', '2023-05-20', '', 7, '2023-08-21 06:02:36'),
(316, '7_64e2b11aa031d', 4, 11, 'sariya', 'na', 'na', '30003.00', 'rcc hetu sariya+tar', '2023-05-30', '', 7, '2023-08-21 06:04:34'),
(317, '7_64e2b18005cfd', 4, 16, 'shanti lal', 'na', 'na', '2220.00', 'light feeting saman', '2023-05-30', '', 7, '2023-08-21 06:06:16'),
(318, '7_64e2b1e43f417', 4, 6, 'labour', 'na', 'na', '3800.00', 'g l bohara+4 other', '2023-05-30', '', 7, '2023-08-21 06:07:56'),
(319, '7_64e2b2f43f93b', 4, 6, 'labour', 'na', 'na', '12650.00', 'g l bohara+5 other', '2023-05-30', '', 7, '2023-08-21 06:12:28'),
(320, '7_64e2b3d9269de', 4, 1, 'deva lal gadri', 'na', 'na', '20400.00', 'cement 60 bag', '2023-06-03', '', 7, '2023-08-21 06:16:17'),
(321, '7_64e2b44b7a31e', 4, 6, 'Rcc raju teli mandal', 'na', 'na', '30000.00', 'rcc labour payment', '2023-06-03', '', 7, '2023-08-21 06:18:11'),
(322, '7_64e2b47cc50df', 4, 6, 'chagan sing ji mistri', 'na', 'na', '2000.00', 'ad', '2023-06-03', '', 7, '2023-08-21 06:19:00'),
(323, '7_64e2b4e2b6714', 4, 9, 'jcb', 'na', 'na', '2000.00', 'roder kiraya', '2023-06-11', '', 7, '2023-08-21 06:20:42'),
(324, '7_64e2b51e95128', 4, 6, 'chagan sing ji mistri', 'na', 'na', '20000.00', 'ad', '2023-06-14', '', 7, '2023-08-21 06:21:42'),
(325, '7_64e2b597a6a34', 4, 17, 'other', 'na', 'na', '1000.00', 'ugai team swagat', '2023-06-29', '', 7, '2023-08-21 06:23:43'),
(326, '7_64e2b5d85c5aa', 4, 6, 'chagan sing ji mistri', 'na', 'na', '45000.00', 'ad', '2023-07-03', '', 7, '2023-08-21 06:24:48'),
(327, '7_64e2b635e1f2d', 4, 7, 'rameshar jat amargad', 'na', 'na', '1900.00', 'ret', '2023-07-09', '', 7, '2023-08-21 06:26:21'),
(328, '7_64e2b66d3b5e1', 4, 17, 'chagan sing ji mistri', 'na', 'na', '1100.00', 'ges tanki', '2023-07-09', '', 7, '2023-08-21 06:27:17'),
(329, '7_64e2b6a6aa9c4', 4, 17, 'other', 'na', 'na', '50.00', 'disposable', '2023-07-09', '', 7, '2023-08-21 06:28:14'),
(330, '7_64e2b7077e912', 4, 6, 'dalu ji mistri', 'na', 'na', '9000.00', 'durga', '2023-07-10', '', 7, '2023-08-21 06:29:51'),
(331, '7_64e2b73f0d2cd', 4, 6, 'dalu ji mistri', 'na', 'na', '500.00', 'shyamu bhil', '2023-07-10', '', 7, '2023-08-21 06:30:47'),
(332, '7_64e2b7cfac065', 4, 20, 'marbal driver', 'na', 'na', '10100.00', 'truk bhada+royalti', '2023-07-15', '', 7, '2023-08-21 06:33:11'),
(333, '7_64e2b8194de9a', 4, 17, 'kirana stor', 'na', 'na', '1258.00', 'badri', '2023-07-20', '', 7, '2023-08-21 06:34:25'),
(334, '7_64e2b84f47b28', 4, 6, 'dalu ji mistri', 'na', 'na', '1000.00', 'shyamu bhil', '2023-07-20', '', 7, '2023-08-21 06:35:19'),
(335, '7_64e2b8a640532', 4, 7, 'rameshar jat amargad', 'na', 'na', '2600.00', 'ret trolly', '2023-07-20', '', 7, '2023-08-21 06:36:46'),
(336, '7_64e2b92cb8e7c', 4, 6, 'rcc raju teli mandal', 'na', 'na', '25100.00', 'rcc labour payment', '2023-07-20', '', 7, '2023-08-21 06:39:00'),
(337, '7_64e2b9705cc74', 4, 6, 'rcc raju teli mandal', 'na', 'na', '400.00', 'rcc tar', '2023-07-20', '', 7, '2023-08-21 06:40:08'),
(338, '7_64e2b9bbc780b', 4, 1, 'deva lal gadri', 'na', 'na', '10700.00', '30 bag + bhada', '2023-08-08', '', 7, '2023-08-21 06:41:23'),
(339, '7_64e2b9f0ae1c8', 4, 6, 'dalu ji mistri', 'na', 'na', '900.00', 'kanku', '2023-08-08', '', 7, '2023-08-21 06:42:16'),
(340, '7_64e2ba2f96695', 4, 6, 'dalu ji mistri', 'na', 'na', '2450.00', 'manju suthar', '2023-08-08', '', 7, '2023-08-21 06:43:19'),
(341, '7_64e2ba6d94f93', 4, 16, 'dinesh purohit', 'na', 'na', '6000.00', 'ad', '2023-08-08', '', 7, '2023-08-21 06:44:21');

-- --------------------------------------------------------

--
-- Table structure for table `app_expense_category`
--

DROP TABLE IF EXISTS `app_expense_category`;
CREATE TABLE IF NOT EXISTS `app_expense_category` (
  `id` int NOT NULL AUTO_INCREMENT,
  `title` varchar(255) NOT NULL,
  `status` enum('A','I') NOT NULL DEFAULT 'A' COMMENT 'A: Active, I: Inactive',
  `created_on` datetime DEFAULT NULL,
  PRIMARY KEY (`id`)
) ENGINE=InnoDB AUTO_INCREMENT=22 DEFAULT CHARSET=utf8mb3;

--
-- Dumping data for table `app_expense_category`
--

INSERT INTO `app_expense_category` (`id`, `title`, `status`, `created_on`) VALUES
(1, 'M N cement', 'A', '2022-02-05 20:42:02'),
(6, 'M N labour payment', 'A', '2022-04-03 06:41:41'),
(7, 'M N ret', 'A', '2022-04-03 06:42:04'),
(8, 'M N pathar trip', 'A', '2022-04-03 06:45:07'),
(9, 'M N jcb & roder kiraya', 'A', '2022-04-03 06:45:36'),
(10, 'M N kiraya bhada', 'A', '2022-04-03 06:46:39'),
(11, 'M N staisnary', 'A', '2022-04-03 06:47:16'),
(12, 'M N prachar prasar', 'A', '2022-04-03 06:48:15'),
(13, 'M N khana pina', 'A', '2022-04-03 06:49:47'),
(14, 'm N sariya', 'A', '2022-04-03 06:51:38'),
(15, 'M N nal fitting', 'A', '2022-04-03 06:52:20'),
(16, 'M N light fitting', 'A', '2022-04-03 06:52:59'),
(17, 'M N other expences', 'A', '2022-04-03 06:54:16'),
(18, 'M N pathar gitti', 'A', '2022-04-04 19:08:43'),
(19, 'M N jagah kharidi', 'A', '2022-04-06 06:32:30'),
(20, 'M N Marbal', 'A', '2022-05-29 19:53:52'),
(21, 'M N eta', 'A', '2022-07-17 20:56:48');

-- --------------------------------------------------------

--
-- Table structure for table `app_gallery`
--

DROP TABLE IF EXISTS `app_gallery`;
CREATE TABLE IF NOT EXISTS `app_gallery` (
  `id` int NOT NULL AUTO_INCREMENT,
  `image` varchar(255) NOT NULL,
  `created_by` int NOT NULL,
  `created_on` datetime DEFAULT NULL,
  `status` enum('A','I') NOT NULL DEFAULT 'A' COMMENT 'A: Active, I: Inactive',
  PRIMARY KEY (`id`)
) ENGINE=InnoDB DEFAULT CHARSET=utf8mb3;

-- --------------------------------------------------------

--
-- Table structure for table `app_items`
--

DROP TABLE IF EXISTS `app_items`;
CREATE TABLE IF NOT EXISTS `app_items` (
  `id` int NOT NULL AUTO_INCREMENT,
  `title` varchar(100) NOT NULL,
  `status` enum('A','I') NOT NULL COMMENT 'A: Active, I: Inactive',
  `created_on` datetime DEFAULT NULL,
  PRIMARY KEY (`id`)
) ENGINE=InnoDB DEFAULT CHARSET=utf8mb3;

-- --------------------------------------------------------

--
-- Table structure for table `app_item_donation`
--

DROP TABLE IF EXISTS `app_item_donation`;
CREATE TABLE IF NOT EXISTS `app_item_donation` (
  `id` int NOT NULL AUTO_INCREMENT,
  `first_name` varchar(255) NOT NULL,
  `last_name` varchar(255) NOT NULL,
  `email` varchar(255) NOT NULL,
  `phone` varchar(100) DEFAULT NULL,
  `city` varchar(255) DEFAULT NULL,
  `donator_id` int NOT NULL DEFAULT '0',
  `item_id` int NOT NULL DEFAULT '0',
  `qty` int NOT NULL DEFAULT '1',
  `status` enum('R','NR') NOT NULL DEFAULT 'NR' COMMENT 'NR=Not Received Yet, R=Received',
  `created_by` int NOT NULL,
  `created_on` datetime DEFAULT NULL,
  PRIMARY KEY (`id`)
) ENGINE=InnoDB DEFAULT CHARSET=utf8mb3;

-- --------------------------------------------------------

--
-- Table structure for table `app_language`
--

DROP TABLE IF EXISTS `app_language`;
CREATE TABLE IF NOT EXISTS `app_language` (
  `id` int NOT NULL AUTO_INCREMENT,
  `title` text NOT NULL,
  `db_field` text NOT NULL,
  `status` enum('A','I') NOT NULL DEFAULT 'A' COMMENT 'A: Active, I: Inactive',
  `created_date` datetime DEFAULT NULL,
  PRIMARY KEY (`id`)
) ENGINE=InnoDB AUTO_INCREMENT=2 DEFAULT CHARSET=utf8mb3;

--
-- Dumping data for table `app_language`
--

INSERT INTO `app_language` (`id`, `title`, `db_field`, `status`, `created_date`) VALUES
(1, 'english', 'english', 'A', '2018-07-13 17:17:42');

-- --------------------------------------------------------

--
-- Table structure for table `app_language_data`
--

DROP TABLE IF EXISTS `app_language_data`;
CREATE TABLE IF NOT EXISTS `app_language_data` (
  `id` int NOT NULL AUTO_INCREMENT,
  `default_text` longtext NOT NULL,
  `english` text,
  PRIMARY KEY (`id`)
) ENGINE=InnoDB AUTO_INCREMENT=857 DEFAULT CHARSET=utf8mb3;

--
-- Dumping data for table `app_language_data`
--

INSERT INTO `app_language_data` (`id`, `default_text`, `english`) VALUES
(1, 'login', 'Login'),
(2, 'logout', 'Logout'),
(3, 'return', 'Return'),
(4, 'now', 'Now'),
(5, 'required_message', 'This field is required.'),
(6, 'login_success', 'You have logged in successfully.'),
(7, 'login_failure', 'Please check your email or password and try again.'),
(8, 'forgot_password', 'Forgot Password'),
(9, 'forgot_mail_message', 'Need to reset your password?'),
(10, 'forgot_mail_content', 'We have received a request to reset your password. You can change your password by hitting the button below.'),
(11, 'reset_password', 'Reset Password'),
(12, 'forgot_success', 'Reset password link has been sent successfully.'),
(13, 'forgot_failure', 'Email not registered with system.'),
(14, 'reset_failure', 'Reset password link has been expired. Please try again.'),
(15, 'invalid_request', 'Invalid request. Please try again.'),
(16, 'reset_success', 'Your password has been changed successfully.'),
(17, 'update_password', 'Update Password'),
(18, 'current_password_failure', 'Your old password is invalid. Please try again.'),
(19, 'profile_success', 'Your profile has been updated successfully.'),
(20, 'logout_success', 'Logout successfully...'),
(22, 'vendor_verify_failure', 'Account verification link has been expired. Please try again.'),
(23, 'already_vendor_verify', 'Account already verify.'),
(24, 'account_verify_success', 'Account verified successfully.'),
(25, 'vendor_not_verify', 'Account not verified.'),
(26, 'account_verification_content', 'Your account has been created successfully.Please click on verification button to activate account.'),
(27, 'image', 'Image'),
(28, 'edit', 'Edit'),
(29, 'update', 'Update'),
(30, 'add', 'Add'),
(31, 'email', 'Email'),
(34, 'password', 'Password'),
(35, 'first_name', 'First Name'),
(36, 'last_name', 'Last Name'),
(37, 'phone', 'Phone'),
(38, 'choose_file', 'Choose File'),
(39, 'submit', 'Submit'),
(40, 'subject', 'Subject'),
(42, 'description', 'Description'),
(44, 'created_date', 'Created Date'),
(45, 'action', 'Action'),
(47, 'password_length', 'Password must be 8 characters long.'),
(48, 'password_lowercase', 'Must contain at least one lowercase letter.'),
(49, 'password_uppercase', 'Must contain at least one uppercase letter.'),
(50, 'password_numeric', 'Must contain at least one numeric digit and one special character.'),
(51, 'confirm_password', 'Confirm Password'),
(52, 'Change_password', 'Change Password'),
(55, 'profile_image', 'Profile Image'),
(56, 'upload_your_file', 'Upload your file'),
(57, 'manage', 'Manage'),
(60, 'delete', 'Delete'),
(61, 'confirm', 'Confirm'),
(62, 'close', 'Close'),
(63, 'total', 'Total'),
(66, 'active', 'Active'),
(67, 'inactive', 'Inactive'),
(68, 'title', 'Title'),
(69, 'select', 'Select'),
(70, 'delete_confirm', 'Are you sure you want to delete this record?'),
(72, 'new_account_mail', ' Your account has been created successfully.Your login credential are stated as below.'),
(74, 'rights_reserved_message', ' All Rights Reserved.'),
(75, 'protected_message', 'This is login protected. Please login now to view this.'),
(76, 'status', 'Status'),
(77, 'save', 'Save'),
(78, 'profile', 'Profile'),
(82, 'profile_text', 'Profile Text'),
(94, 'dashboard', 'Dashboard'),
(97, 'site_setting', 'Site Setting'),
(98, 'email_setting', 'Email Setting'),
(101, 'mandatory_update', 'Mandatory Update'),
(104, 'mandatory_payment', 'Please select payment method'),
(123, 'click_here', 'Click Here'),
(148, 'payment', 'Payment'),
(154, 'deleted', 'Deleted'),
(159, 'profile_text_content', 'Welcome'),
(208, 'category', 'Category'),
(210, 'site_setting_update', 'Site setting details updated successfully.'),
(211, 'smtp_update', 'Smtp details updated successfully.'),
(212, 'valid_image', 'Please select valid image(jpg, png, jpeg, gif extension only)'),
(213, 'valid_logo', 'Please check your image. It must be in minimum dimension of 241 x 61'),
(215, 'valid_logo_size', 'Size must be minimum of 241*61'),
(218, 'something_wrong', 'Something wrong.'),
(219, 'smtp_host', 'Smtp Host'),
(220, 'smtp_secure', 'Smtp Secure'),
(221, 'username', 'Username'),
(222, 'port', 'Port'),
(223, 'from_name', 'From Name'),
(224, 'site_name', 'Site Name'),
(225, 'site_email', 'Site Email'),
(226, 'site_phone', 'Site Phone'),
(227, 'address', 'Address'),
(228, 'language', 'Language'),
(231, 'information', 'Information'),
(232, 'social', 'Social'),
(233, 'media', 'Media'),
(238, 'facebook', 'Facebook'),
(239, 'google+', 'Google+'),
(240, 'twitter', 'Twitter'),
(241, 'instagram', 'Instagram'),
(243, 'link', 'Link'),
(244, 'company', 'Company'),
(245, 'english', 'English'),
(246, 'logo', 'Logo'),
(247, 'time_zone', 'TimeZone'),
(251, 'no_record_found', 'No Record Found'),
(252, 'payment_setting', 'Payment Setting'),
(253, 'payment_status', 'Payment Status'),
(254, 'update_payment_setting', 'Update Payment Setting'),
(255, 'stripe', 'Stripe'),
(256, 'yes', 'Yes'),
(257, 'no', 'No'),
(258, 'stripe_secret_key', 'Stripe Secret Key'),
(259, 'stripe_publish_key', 'Stripe Publish Key'),
(260, 'payment_setting_update', 'Payment setting has been updated successfully.'),
(261, 'master', 'Master'),
(273, 'name', 'Name'),
(277, 'website', 'Website'),
(283, 'send', 'Send'),
(301, 'cancel', 'Cancel'),
(302, 'transaction_fail', 'Your transaction is failed.Please try again.'),
(303, 'transaction_success', 'Your donation has been processed successfully.'),
(311, 'report', 'Report'),
(334, 'date', 'Date'),
(337, 'month', 'Month'),
(343, 'full_name', 'Full Name'),
(345, 'favicon_icon', 'favicon'),
(349, 'language_setting', 'Language Setting'),
(350, 'manage_language', 'Manage Language'),
(351, 'language_translate', 'Language Translate'),
(352, 'language_add', 'Language has been added successfully.'),
(353, 'language_update', 'Language has been updated successfully.'),
(354, 'language_delete', 'Language has been deleted successfully.'),
(355, 'language_used', 'Language is already in use. You are not allowed to delete.'),
(356, 'translate_word', 'Translate Word'),
(357, 'translated_word', 'Translated Word'),
(358, 'translate', 'Translate'),
(359, 'words', 'Words'),
(361, 'code', 'Code'),
(365, 'amount', 'Amount'),
(373, 'paypal_merchant_email', 'PayPal Merchant Email'),
(374, 'paypal', 'PayPal'),
(375, 'payment_by', 'Payment By'),
(377, 'paypal_mode', 'PayPal Mode'),
(378, 'paypal_sendbox', 'PayPal Sandbox'),
(379, 'paypal_live', 'PayPal Live'),
(381, 'seo', 'SEO'),
(385, 'from_date', 'From Date'),
(386, 'to_date', 'To Date'),
(388, 'seo_description', 'SEO Description'),
(389, 'seo_keyword', 'SEO Keyword'),
(390, 'seo_og_image', 'SEO og Image'),
(394, 'module', 'Module'),
(396, 'records', 'Records'),
(398, 'select_language', 'Select Language'),
(405, 'google', 'Google'),
(412, 'search', 'Search'),
(520, 'login_required', 'Please login and try again.'),
(552, 'account_created', 'Your Account has been created successfully'),
(553, 'your_login_detail', 'Your login credentials given as below'),
(554, 'login_account_credential', 'Login Account Credentials'),
(583, 'created_by', 'Created By'),
(585, 'quantity', 'Quantity'),
(628, 'all', 'All'),
(671, 'profile_verification_content', 'We would like to inform you that. Your profile has been '),
(678, 'staff', 'Staff'),
(699, 'staff_booked_no_delete', 'You are not allowed to delete this staff member.'),
(701, 'currency', 'Currency'),
(734, 'word', 'Word'),
(738, 'record_insert', 'Record has been inserted successfully.'),
(739, 'record_update', 'Record has been updated successfully.'),
(740, 'record_delete', 'Record has been deleted successfully.'),
(742, 'expense', 'Expense'),
(743, 'cash', 'Cash'),
(744, 'cheque', 'Cheque'),
(745, 'donation_type', 'Donation Type'),
(746, 'expense_category', 'Expense Category'),
(747, 'donation', 'Donation'),
(748, 'department', 'Donation Category'),
(749, 'admin', 'Admin'),
(750, 'delete_already_used', 'You are not allowed to delete this.'),
(751, 'donate_now', 'Donate Now'),
(752, 'donation_towards', 'Donation Towards'),
(755, 'search', 'Search'),
(756, 'this_field_is_required', 'This field is required.'),
(757, 'enter_valid_email', 'Please enter a valid email address.'),
(758, 'currently_not_available', 'Currently we are not available. Please try again after some time.'),
(759, 'slogan_one', 'Empowering Communities. Ending Poverty.'),
(760, 'slogan_two', 'Dont turn away, Give today!'),
(761, 'city', 'City'),
(762, 'details', 'Details'),
(763, 'preview', 'Preview'),
(764, 'copy_link', 'Copy Link'),
(765, 'account_registration', 'Account Registration'),
(766, 'currency_display_position', 'Currency Display Position'),
(767, 'setting', 'Setting'),
(768, 'new_password', 'New Password'),
(769, 'from', 'From'),
(770, 'to', 'To'),
(771, 'head_accountant', 'Head Accountant'),
(772, 'donator', 'Donator'),
(773, 'gallery', 'Gallery'),
(774, 'news', 'News'),
(775, 'events', 'Events'),
(776, 'about_us', 'About Us'),
(777, 'contact_us', 'Contact Us'),
(778, 'causes', 'Causes'),
(779, 'donate', 'Donate'),
(780, 'website', 'Website'),
(781, 'content', 'Content'),
(782, 'about_image_size', 'Size must be minimum of 540*480'),
(783, 'cause', 'Cause'),
(784, 'target', 'Target'),
(785, 'raised_of', 'raised of'),
(786, 'last_donation_ago', 'Last donation X ago'),
(787, 'team', 'Team'),
(788, 'our', 'Our'),
(789, 'home', 'Home'),
(790, 'designation', 'Designation'),
(791, 'social_link', 'Social Link'),
(792, 'contact_information', 'Contact Information'),
(793, 'message', 'Message'),
(794, 'contact_us_title', 'Do you have any questions?'),
(795, 'contact_request_success', 'Your request has been submitted successfully.'),
(796, 'our_causes', 'Our Some Good Causes'),
(797, 'our_causes_title', 'Enter our cause text here'),
(798, 'recent_news', 'Recent News'),
(799, 'recent_news_title', 'Enter recent news title here'),
(800, 'donate_money', 'Donate Money'),
(801, 'be_a_volunteer', 'Be a Volunteer'),
(802, 'what_we_do', 'What We Do'),
(803, 'video_link_title', 'Video link of What we do'),
(804, 'leave_blank_if_not_needed', 'Please leave it blank if you want to set it.'),
(805, 'home_slogan', 'Home Slogan'),
(806, 'linkedin', 'linkedin'),
(807, 'banner_image', 'Banner Image'),
(808, 'banner_size', 'Size must be minimum of 1500*1000'),
(809, 'donation_email_message', 'We have received donation of AMOUNT. We are grateful for your support.'),
(810, 'thank_you', 'Thank You'),
(811, 'donate_money_sub_title', 'A Dream in their Mind is Our Mission. Help us to make their dreams come true.'),
(812, 'completed', 'Completed'),
(813, 'client', 'Client'),
(814, 'users', 'Users'),
(815, 'donators', 'Donators'),
(816, 'events', 'Events'),
(817, 'event', 'Event'),
(818, 'projects', 'Projects'),
(819, 'project', 'Project'),
(820, 'themes', 'Themes'),
(821, 'already_exist', 'is already exist.'),
(822, 'password_equal', 'Enter Confirm Password Same as Password'),
(823, 'maxlength_msg', 'Please enter no more than {0} characters.'),
(824, 'minlength_msg', 'Please enter at least {0} characters.'),
(825, 'max_msg', 'Please enter a value less than or equal to {0}.'),
(826, 'min_msg', 'Please enter a value greater than or equal to {0}.'),
(827, 'valid_url', 'Please enter valid url.'),
(828, 'item', 'Item'),
(829, 'items', 'Items'),
(830, 'qty', 'Quantity'),
(831, 'received', 'Received'),
(832, 'not_received', 'Not Received Yet'),
(833, 'request', 'Request'),
(834, 'time', 'Time'),
(835, 'venue', 'Venue'),
(836, 'display_datetime_form', 'Display Date Format'),
(837, 'slider', 'Slider'),
(838, 'pages', 'CMS Page'),
(839, 'sub_title', 'Sub title'),
(840, 'google_analytics', 'Google Analytics Code'),
(841, 'receipt_no', 'Receipt No'),
(842, 'reg_no', 'Reg. No'),
(843, 'Certificate_of_Appreciation', 'Certificate of Appreciation'),
(844, 'Presented_to', 'Presented to'),
(845, 'In_appreciation_of_your', 'In appreciation of your generous donation to the'),
(846, 'certy_description', 'We express our sincere gratitude for your contribution in support of the fundraiser.'),
(847, 'view_more', 'View More'),
(848, 'privacy_policy', 'Privacy Policy'),
(849, 'terms_and_conditions', 'Terms & Conditions'),
(850, 'administrator', 'Administrator'),
(851, 'received_by', 'Received By'),
(852, 'donation_receipt_message_one', 'Thank you for your donation! '),
(853, 'donation_receipt_message_two', 'The amount you have given will make a difference as the proceeds will go help put the children to school to give them better education, and thus make them better members of society. '),
(854, 'donation_receipt_message_three', 'This receipt is an attestation that we have gratefully received your generous contribution to our humble institution. Keep this receipt for your tax deduction purposes.'),
(855, 'transaction_successful', 'Thank you so much for your donation.'),
(856, 'export', 'Export');

-- --------------------------------------------------------

--
-- Table structure for table `app_module_setting`
--

DROP TABLE IF EXISTS `app_module_setting`;
CREATE TABLE IF NOT EXISTS `app_module_setting` (
  `id` int NOT NULL AUTO_INCREMENT,
  `module` varchar(255) NOT NULL,
  `is_enable` enum('Y','N') NOT NULL DEFAULT 'Y' COMMENT 'Y=Yes,No',
  PRIMARY KEY (`id`)
) ENGINE=MyISAM AUTO_INCREMENT=11 DEFAULT CHARSET=latin1;

--
-- Dumping data for table `app_module_setting`
--

INSERT INTO `app_module_setting` (`id`, `module`, `is_enable`) VALUES
(1, 'expense', 'Y'),
(2, 'item', 'N'),
(3, 'report', 'Y'),
(4, 'staff', 'Y'),
(5, 'causes', 'N'),
(6, 'news', 'N'),
(7, 'events', 'N'),
(8, 'projects', 'N'),
(9, 'gallery', 'N'),
(10, 'team', 'N');

-- --------------------------------------------------------

--
-- Table structure for table `app_news`
--

DROP TABLE IF EXISTS `app_news`;
CREATE TABLE IF NOT EXISTS `app_news` (
  `id` int NOT NULL AUTO_INCREMENT,
  `title` varchar(255) NOT NULL,
  `description` text NOT NULL,
  `image` varchar(255) NOT NULL,
  `status` enum('A','I') NOT NULL DEFAULT 'A' COMMENT 'A: Active, I: Inactive',
  `created_by` int NOT NULL,
  `created_on` datetime DEFAULT NULL,
  PRIMARY KEY (`id`)
) ENGINE=InnoDB DEFAULT CHARSET=utf8mb3;

-- --------------------------------------------------------

--
-- Table structure for table `app_payment_setting`
--

DROP TABLE IF EXISTS `app_payment_setting`;
CREATE TABLE IF NOT EXISTS `app_payment_setting` (
  `id` int NOT NULL AUTO_INCREMENT,
  `stripe` enum('Y','N') NOT NULL DEFAULT 'N',
  `on_cash` enum('Y','N') NOT NULL DEFAULT 'N',
  `stripe_secret` varchar(255) DEFAULT NULL,
  `stripe_publish` varchar(255) DEFAULT NULL,
  `paypal` enum('Y','N') NOT NULL COMMENT 'Y=Yes,N=No',
  `paypal_sendbox_live` enum('S','L') NOT NULL COMMENT 'S=Sandbox,L=Live',
  `paypal_merchant_email` varchar(255) DEFAULT NULL,
  `razorpay` enum('Y','N') DEFAULT 'N' COMMENT 'Y=Yes,N=No',
  `razorpay_merchant_key_id` varchar(255) DEFAULT NULL,
  `razorpay_merchant_key_secret` varchar(255) DEFAULT NULL,
  `created_on` datetime NOT NULL,
  PRIMARY KEY (`id`)
) ENGINE=InnoDB AUTO_INCREMENT=2 DEFAULT CHARSET=utf8mb3;

--
-- Dumping data for table `app_payment_setting`
--

INSERT INTO `app_payment_setting` (`id`, `stripe`, `on_cash`, `stripe_secret`, `stripe_publish`, `paypal`, `paypal_sendbox_live`, `paypal_merchant_email`, `razorpay`, `razorpay_merchant_key_id`, `razorpay_merchant_key_secret`, `created_on`) VALUES
(1, 'N', 'N', '', '', 'N', 'S', '', 'Y', 'adsdf', 'safaf', '2018-08-01 00:00:00');

-- --------------------------------------------------------

--
-- Table structure for table `app_projects`
--

DROP TABLE IF EXISTS `app_projects`;
CREATE TABLE IF NOT EXISTS `app_projects` (
  `id` int NOT NULL AUTO_INCREMENT,
  `title` varchar(255) NOT NULL,
  `description` text NOT NULL,
  `image` varchar(255) NOT NULL,
  `gallery_images` text,
  `status` enum('A','I') NOT NULL DEFAULT 'A' COMMENT 'A=Active,I=Inactive',
  `created_by` int NOT NULL,
  `created_on` datetime DEFAULT NULL,
  PRIMARY KEY (`id`)
) ENGINE=InnoDB DEFAULT CHARSET=utf8mb3;

-- --------------------------------------------------------

--
-- Table structure for table `app_site_setting`
--

DROP TABLE IF EXISTS `app_site_setting`;
CREATE TABLE IF NOT EXISTS `app_site_setting` (
  `id` int NOT NULL AUTO_INCREMENT,
  `company_logo` varchar(25) DEFAULT NULL,
  `banner_image` varchar(255) NOT NULL DEFAULT '',
  `company_name` varchar(255) DEFAULT NULL,
  `company_email` varchar(50) DEFAULT NULL,
  `company_phone` varchar(25) DEFAULT NULL,
  `company_address` text,
  `google_link` varchar(255) DEFAULT '',
  `fb_link` varchar(255) DEFAULT NULL,
  `twitter_link` varchar(255) DEFAULT '',
  `insta_link` varchar(255) DEFAULT '',
  `linkdin_link` varchar(255) DEFAULT '',
  `language` varchar(255) NOT NULL DEFAULT 'english',
  `time_zone` varchar(255) DEFAULT NULL,
  `time_format` varchar(255) NOT NULL DEFAULT 'm-d-Y H:i',
  `fevicon_icon` varchar(100) DEFAULT NULL,
  `is_maintenance_mode` enum('Y','N') NOT NULL DEFAULT 'N' COMMENT 'Y=Yes,N=No',
  `header_color_code` varchar(100) DEFAULT '#4b6499',
  `footer_color_code` varchar(100) DEFAULT '#4b6499',
  `footer_text` text,
  `currency_id` int NOT NULL DEFAULT '1',
  `currency_position` enum('R','L') NOT NULL DEFAULT 'L',
  `trust_registration_no` varchar(255) DEFAULT NULL,
  PRIMARY KEY (`id`)
) ENGINE=InnoDB AUTO_INCREMENT=2 DEFAULT CHARSET=utf8mb3;

--
-- Dumping data for table `app_site_setting`
--

INSERT INTO `app_site_setting` (`id`, `company_logo`, `banner_image`, `company_name`, `company_email`, `company_phone`, `company_address`, `google_link`, `fb_link`, `twitter_link`, `insta_link`, `linkdin_link`, `language`, `time_zone`, `time_format`, `fevicon_icon`, `is_maintenance_mode`, `header_color_code`, `footer_color_code`, `footer_text`, `currency_id`, `currency_position`, `trust_registration_no`) VALUES
(1, '622c287b192d6.jpeg', '', '    ,  ()', 'temple@gmail.com', '', '', '', '', '', '', '', 'english', 'Asia/Kolkata', 'd-m-Y H:i', '622c287b19006.jpeg', 'N', '#4b6499', '#4b6499', NULL, 1, 'L', '');

-- --------------------------------------------------------

--
-- Table structure for table `app_slider`
--

DROP TABLE IF EXISTS `app_slider`;
CREATE TABLE IF NOT EXISTS `app_slider` (
  `id` int NOT NULL AUTO_INCREMENT,
  `title` text,
  `sub_title` text,
  `image` varchar(255) NOT NULL,
  `created_by` int NOT NULL,
  `created_on` datetime DEFAULT NULL,
  `status` enum('A','I') NOT NULL DEFAULT 'A' COMMENT 'A: Active, I: Inactive',
  PRIMARY KEY (`id`)
) ENGINE=InnoDB DEFAULT CHARSET=utf8mb3;

-- --------------------------------------------------------

--
-- Table structure for table `app_team`
--

DROP TABLE IF EXISTS `app_team`;
CREATE TABLE IF NOT EXISTS `app_team` (
  `id` int NOT NULL AUTO_INCREMENT,
  `name` varchar(255) NOT NULL,
  `designation` varchar(255) NOT NULL,
  `image` varchar(255) CHARACTER SET latin1 COLLATE latin1_swedish_ci NOT NULL,
  `facebook` varchar(255) DEFAULT NULL,
  `linkdin` varchar(255) DEFAULT NULL,
  `instagram` varchar(255) DEFAULT NULL,
  `twitter` varchar(255) NOT NULL,
  `status` enum('A','I') CHARACTER SET latin1 COLLATE latin1_swedish_ci NOT NULL DEFAULT 'A' COMMENT 'A: Active, I: Inactive',
  `created_by` int NOT NULL,
  `created_on` datetime DEFAULT NULL,
  PRIMARY KEY (`id`)
) ENGINE=InnoDB DEFAULT CHARSET=utf8mb3;

-- --------------------------------------------------------

--
-- Table structure for table `app_themes`
--

DROP TABLE IF EXISTS `app_themes`;
CREATE TABLE IF NOT EXISTS `app_themes` (
  `id` int NOT NULL AUTO_INCREMENT,
  `title` varchar(255) NOT NULL,
  `status` enum('A','I') NOT NULL DEFAULT 'I',
  PRIMARY KEY (`id`)
) ENGINE=MyISAM DEFAULT CHARSET=latin1;

-- --------------------------------------------------------

--
-- Table structure for table `app_transactions`
--

DROP TABLE IF EXISTS `app_transactions`;
CREATE TABLE IF NOT EXISTS `app_transactions` (
  `id` int NOT NULL AUTO_INCREMENT,
  `txn_id` varchar(100) NOT NULL,
  `account_id` int NOT NULL,
  `amount` decimal(12,2) NOT NULL,
  `type` varchar(20) NOT NULL COMMENT 'donation,expense,transfer',
  PRIMARY KEY (`id`)
) ENGINE=InnoDB AUTO_INCREMENT=911 DEFAULT CHARSET=utf8mb3;

--
-- Dumping data for table `app_transactions`
--

INSERT INTO `app_transactions` (`id`, `txn_id`, `account_id`, `amount`, `type`) VALUES
(1, '7_6247faf18e8a8', 4, '150000.00', 'donation'),
(2, '7_6247fbdeef484', 4, '51000.00', 'donation'),
(3, '7_6247fc7977b88', 2, '91000.00', 'donation'),
(4, '7_6247fd1d890df', 2, '11000.00', 'donation'),
(5, '7_62484d2d8b606', 4, '111111.00', 'donation'),
(6, '7_6248899119c82', 4, '10000.00', 'donation'),
(8, '7_624ade43c0788', 2, '-10200.00', 'expense'),
(10, '7_624adf2e13f97', 2, '-1850.00', 'expense'),
(11, '7_624adf7ad35ea', 2, '-10000.00', 'expense'),
(12, '7_624ae003d8f91', 2, '-5100.00', 'expense'),
(13, '7_624ae073677d8', 2, '-100.00', 'expense'),
(14, '7_624ae0ce4638c', 2, '-42350.00', 'expense'),
(15, '7_624ae18764b67', 2, '-14000.00', 'expense'),
(16, '7_624ae1fb23938', 2, '-5000.00', 'expense'),
(17, '7_624ae2b210c57', 2, '-36600.00', 'expense'),
(18, '7_624ae3100b973', 2, '-34100.00', 'expense'),
(19, '7_624ae36fc667e', 2, '-4100.00', 'expense'),
(20, '7_624ae3be7cf04', 2, '-3000.00', 'expense'),
(21, '7_624ae4146245c', 2, '-1700.00', 'expense'),
(22, '7_624ae87fdfaa5', 2, '-5100.00', 'expense'),
(23, '7_624ae93eb1404', 4, '-100000.00', 'transfer'),
(24, '7_624ae93eb1404', 2, '100000.00', 'transfer'),
(25, '7_624aeb46ecc9b', 2, '-115000.00', 'expense'),
(26, '7_624aeb9a107f6', 2, '-5000.00', 'expense'),
(27, '7_624aebd9ebbfe', 2, '-350.00', 'expense'),
(28, '7_624aec333bdc3', 2, '-300.00', 'expense'),
(29, '7_624af20953cd2', 2, '-2700.00', 'expense'),
(30, '7_624af262774f3', 2, '-3500.00', 'expense'),
(31, '7_624af2b51d2d6', 2, '-1050.00', 'expense'),
(32, '7_624af32e88117', 2, '-7000.00', 'expense'),
(33, '7_624af37fe884c', 2, '-1425.00', 'expense'),
(34, '7_624af3f615d51', 2, '-570.00', 'expense'),
(35, '7_624af47b4b47c', 2, '-100.00', 'expense'),
(36, '7_624af53438286', 2, '-13000.00', 'expense'),
(37, '7_624af90c7d66e', 2, '-12800.00', 'expense'),
(38, '7_624af9a27d6c6', 2, '-9000.00', 'expense'),
(39, '7_624afa11380b7', 2, '-400.00', 'expense'),
(40, '7_624afa647894e', 2, '-7000.00', 'expense'),
(41, '7_624afe83665d8', 2, '-8000.00', 'expense'),
(42, '7_624b0045c99ac', 2, '1100.00', 'donation'),
(43, '7_624b0c35a0ee8', 2, '137800.00', 'donation'),
(44, '7_624b0d25d3ab9', 2, '1100.00', 'donation'),
(45, '7_624b0d6f4a33b', 2, '1100.00', 'donation'),
(46, '7_624b0db52e3e8', 2, '1100.00', 'donation'),
(47, '7_624b0e0fe1e9b', 2, '1100.00', 'donation'),
(48, '7_624b0e5bddc8e', 2, '1001.00', 'donation'),
(49, '7_624b0ea00f175', 2, '1100.00', 'donation'),
(50, '7_624b0edd6193f', 2, '200.00', 'donation'),
(51, '7_624b0fe8a4fa7', 2, '5100.00', 'donation'),
(52, '7_624b108a5a287', 5, '125000.00', 'donation'),
(53, '7_624b117f16d41', 2, '2100.00', 'donation'),
(54, '7_624b11c626163', 2, '1100.00', 'donation'),
(55, '7_624b1241a6536', 2, '11100.00', 'donation'),
(57, '7_624b135a97d14', 2, '40100.00', 'donation'),
(58, '7_624b1726c247a', 5, '11000.00', 'donation'),
(59, '7_624b18410327d', 4, '1100.00', 'donation'),
(60, '7_624b18ddc6d02', 4, '1100.00', 'donation'),
(61, '7_624b1976635fb', 4, '1100.00', 'donation'),
(62, '7_624b1b0748650', 5, '111111.00', 'donation'),
(64, '7_624b1c859e764', 4, '1100.00', 'donation'),
(65, '7_624b1ce063034', 4, '1100.00', 'donation'),
(66, '7_624b1d2fc13c0', 4, '1100.00', 'donation'),
(67, '7_624b1d965a89d', 4, '21000.00', 'donation'),
(68, '7_624b1e0116e98', 4, '200.00', 'donation'),
(69, '7_624b1e841c335', 4, '-2100.00', 'expense'),
(70, '7_624b1ed7e2446', 4, '-91000.00', 'expense'),
(71, '7_624b1f36e7b3e', 4, '-10000.00', 'expense'),
(72, '7_624b1f759038d', 4, '-7000.00', 'expense'),
(73, '7_624b1fc9e4b2a', 4, '-55000.00', 'expense'),
(74, '7_624b2021bf82d', 4, '-12000.00', 'expense'),
(75, '7_624b206cf2631', 4, '-13900.00', 'expense'),
(76, '7_624b20bc56784', 4, '-5000.00', 'expense'),
(77, '7_624b20f8b9c29', 4, '-8950.00', 'expense'),
(78, '7_624b214729732', 4, '-1326.00', 'expense'),
(79, '7_624b21716ec03', 4, '-9000.00', 'expense'),
(80, '7_624b21a3ea32a', 4, '-8050.00', 'expense'),
(81, '7_624b21c7d9ad0', 4, '-15500.00', 'expense'),
(82, '7_624b21f790f5b', 4, '-10200.00', 'expense'),
(83, '7_624b22a93f821', 4, '-1025.00', 'expense'),
(85, '7_624b2355cbc0a', 4, '-44100.00', 'expense'),
(86, '7_624b238a68e99', 4, '-900.00', 'expense'),
(87, '7_624b23d2bc5ee', 4, '-270.00', 'expense'),
(88, '7_624b24e277a21', 5, '51000.00', 'donation'),
(93, '7_624cde67d53b1', 4, '851000.00', 'donation'),
(94, '7_624cdfd8ee495', 1, '149000.00', 'donation'),
(95, '7_624ce18f14345', 1, '-10000.00', 'expense'),
(96, '7_624ce1ef90516', 1, '-2300.00', 'expense'),
(97, '7_624ce22ba3354', 1, '-480.00', 'expense'),
(98, '7_624ce2e65ca82', 1, '-1500.00', 'expense'),
(99, '7_624ce327af3a8', 1, '-1100.00', 'expense'),
(100, '7_624ce3ac3a8f8', 1, '-103700.00', 'expense'),
(101, '7_624ce404ee12a', 1, '-18200.00', 'expense'),
(102, '7_624ce4f8d6be8', 4, '-700000.00', 'expense'),
(103, '7_624cea05dce30', 2, '-11000.00', 'expense'),
(104, '29_624d4d7267f22', 4, '21000.00', 'donation'),
(105, '29_624d4e680a023', 4, '2100.00', 'donation'),
(106, '7_624d815a4ca8b', 4, '-1100.00', 'expense'),
(107, '7_624d8196da69c', 4, '-1500.00', 'expense'),
(108, '7_624d823e451d8', 4, '-5000.00', 'expense'),
(109, '7_624d88aa230e6', 2, '-14000.00', 'expense'),
(110, '7_624d89d731d4d', 4, '-344.00', 'expense'),
(111, '7_624d8b83a61fb', 5, '21000.00', 'donation'),
(112, '7_624d901cd7837', 4, '-9300.00', 'transfer'),
(113, '7_624d901cd7837', 2, '9300.00', 'transfer'),
(114, '7_624d934f12745', 4, '31000.00', 'donation'),
(115, '7_624d93a8b7f27', 4, '-31000.00', 'expense'),
(117, '7_625104c418d6f', 4, '30000.00', 'donation'),
(118, '7_6251064618178', 4, '11000.00', 'donation'),
(119, '7_62528373b750b', 2, '1111.00', 'donation'),
(120, '29_625634c2cde27', 2, '-15500.00', 'expense'),
(121, '29_625821f5d406b', 2, '21000.00', 'donation'),
(122, '7_625831f957a1b', 2, '1100.00', 'donation'),
(124, '7_625c1c9a3fed0', 5, '41251.00', 'donation'),
(125, '7_625eadb3c16e6', 4, '1100.00', 'donation'),
(126, '7_625eb91e50f68', 5, '15101.00', 'donation'),
(127, '7_62615d0eb3c00', 4, '10000.00', 'donation'),
(128, '7_6262058f6b8c3', 4, '-103400.00', 'expense'),
(129, '7_6262216dd80fd', 4, '95011.00', 'donation'),
(130, '7_6263d528cab55', 4, '21000.00', 'donation'),
(131, '7_6263fd7726e7f', 5, '21000.00', 'donation'),
(132, '7_62653720e64e7', 5, '1100.00', 'donation'),
(133, '7_626537f783d77', 4, '5100.00', 'donation'),
(134, '7_6266862d35be2', 4, '1000.00', 'donation'),
(135, '7_6266874f0cb4b', 4, '2000.00', 'donation'),
(137, '7_626688af8d69a', 4, '2100.00', 'donation'),
(138, '7_62668907e9275', 4, '-1500.00', 'expense'),
(139, '7_6266894f7cd39', 4, '-15500.00', 'expense'),
(140, '7_626689dc3fd75', 4, '-94000.00', 'expense'),
(141, '7_62668a447855f', 4, '-2500.00', 'expense'),
(142, '7_62668abb7192c', 4, '-1628.00', 'expense'),
(143, '7_62668b8b7a54a', 4, '-1260.00', 'expense'),
(144, '7_62668e9fd8701', 2, '2100.00', 'donation'),
(145, '7_62668f27bd07c', 2, '500.00', 'donation'),
(146, '7_62668fba5bd63', 2, '1100.00', 'donation'),
(147, '7_62669116022b9', 2, '-100.00', 'expense'),
(148, '7_6266914fe30e8', 2, '-3000.00', 'expense'),
(149, '7_62669192d4968', 2, '-300.00', 'expense'),
(150, '7_626691fedca2e', 2, '-36050.00', 'expense'),
(151, '7_6266929086b35', 2, '-15500.00', 'expense'),
(153, '7_6266ad8ddae7d', 4, '51000.00', 'donation'),
(154, '7_6267ed76cef31', 2, '5800.00', 'donation'),
(155, '7_6267ee4e00460', 2, '5100.00', 'donation'),
(156, '7_626bbabb76ff0', 4, '500.00', 'donation'),
(157, '7_6271dc9ff1037', 1, '-1500.00', 'expense'),
(158, '7_62747d5ddfa40', 4, '21000.00', 'donation'),
(159, '7_627cd8616056c', 4, '50000.00', 'donation'),
(160, '7_627cd936f14ec', 4, '100000.00', 'donation'),
(161, '7_627cd97da59aa', 4, '101101.00', 'donation'),
(162, '7_627cdb22b82ef', 4, '2100.00', 'donation'),
(163, '7_627cdc1f58208', 2, '5100.00', 'donation'),
(164, '7_6284346e78c50', 4, '-200000.00', 'transfer'),
(165, '7_6284346e78c50', 5, '200000.00', 'transfer'),
(166, '7_62843516e97c5', 5, '11000.00', 'donation'),
(167, '7_6284e87476e1e', 1, '2100.00', 'donation'),
(168, '7_6284eb79e897c', 4, '1100.00', 'donation'),
(169, '7_628739b7e2871', 5, '51111.00', 'donation'),
(170, '7_62937a6c08780', 4, '2100.00', 'donation'),
(171, '7_62937ad521642', 4, '11000.00', 'donation'),
(172, '7_62937db41caf6', 4, '3401.00', 'donation'),
(173, '7_62937ea3888ab', 4, '21000.00', 'donation'),
(174, '7_62937f07828f3', 4, '5100.00', 'donation'),
(175, '7_62937f44aaee7', 4, '20000.00', 'donation'),
(176, '7_62937fc937d25', 4, '-9300.00', 'expense'),
(177, '7_6293801a7357b', 4, '-5665.00', 'expense'),
(178, '7_629380465bcfb', 4, '-1800.00', 'expense'),
(179, '7_629380afba292', 4, '-40900.00', 'expense'),
(180, '7_6293811f94a80', 4, '-55000.00', 'expense'),
(181, '7_6293815240f1d', 4, '-9000.00', 'expense'),
(182, '7_6293819edb614', 4, '-22500.00', 'expense'),
(183, '7_6293823c9aece', 4, '-50000.00', 'expense'),
(184, '7_629382fd9edbd', 4, '-12800.00', 'expense'),
(185, '7_629383d313c76', 2, '5000.00', 'donation'),
(186, '7_629384366aa6b', 2, '1100.00', 'donation'),
(187, '7_6293847e7c788', 2, '-520.00', 'expense'),
(188, '7_629384c259f54', 2, '-200.00', 'expense'),
(189, '7_629384f29d8d8', 2, '-200.00', 'expense'),
(190, '7_62938dd4edfd9', 4, '200000.00', 'donation'),
(191, '7_62d3c489f2245', 4, '11000.00', 'donation'),
(192, '7_62d3c54c8b0d4', 2, '-2100.00', 'expense'),
(193, '7_62d3c5ce9cb45', 2, '10000.00', 'donation'),
(194, '7_62d3c637d2408', 2, '12500.00', 'donation'),
(195, '7_62d3c6afa158a', 2, '11111.00', 'donation'),
(196, '7_62d3c7164fdac', 2, '5100.00', 'donation'),
(197, '7_62d3c78b36380', 2, '3600.00', 'donation'),
(198, '7_62d3c7f7afc69', 2, '-1500.00', 'expense'),
(199, '7_62d3c88ea2702', 2, '-2820.00', 'expense'),
(200, '7_62d3c8d2b0ae3', 2, '-4800.00', 'expense'),
(201, '7_62d3c95dca6a1', 2, '-2000.00', 'expense'),
(202, '7_62d3ca1ae9bdb', 2, '-300.00', 'expense'),
(203, '7_62d3ca56b9c67', 2, '-5000.00', 'expense'),
(204, '7_62d3cacaa1cab', 2, '-200.00', 'expense'),
(205, '7_62d3cb1d860b2', 2, '-200.00', 'expense'),
(206, '7_62d4299e088af', 4, '11000.00', 'donation'),
(207, '7_62d42a1952e5f', 4, '-11000.00', 'expense'),
(208, '7_62d4306f10e61', 4, '1100.00', 'donation'),
(209, '7_62d4a76619d21', 5, '101101.00', 'donation'),
(210, '7_62d5017d32f36', 4, '11000.00', 'donation'),
(211, '7_62d514b436009', 4, '2100.00', 'donation'),
(212, '7_62d51aec908c3', 4, '1100.00', 'donation'),
(213, '7_62d51b69a3ba7', 4, '1100.00', 'donation'),
(214, '7_62d51bf67696b', 4, '211.00', 'donation'),
(215, '7_62d51c77d71c5', 4, '1100.00', 'donation'),
(216, '7_62d51d54188e6', 4, '1100.00', 'donation'),
(217, '7_62d51dd36611e', 4, '11001.00', 'donation'),
(218, '7_62d51e8f668a6', 4, '5100.00', 'donation'),
(219, '7_62d51f01cae43', 4, '1100.00', 'donation'),
(220, '7_62d526b2c2307', 4, '5100.00', 'donation'),
(221, '7_62d52f668d739', 4, '6100.00', 'donation'),
(222, '7_62d5335a90f14', 4, '5100.00', 'donation'),
(223, '7_62d5341311e2e', 4, '5000.00', 'donation'),
(224, '7_62d53490aab6e', 4, '1100.00', 'donation'),
(225, '7_62d535099ef7c', 4, '5000.00', 'donation'),
(226, '7_62d5356c0634d', 4, '1100.00', 'donation'),
(227, '7_62d53640b851e', 4, '5100.00', 'donation'),
(228, '7_62d536b964078', 4, '1100.00', 'donation'),
(229, '7_62d67c62e3db5', 4, '11101.00', 'donation'),
(230, '7_62d67ccf963af', 4, '2100.00', 'donation'),
(231, '7_62d67d671546a', 4, '11100.00', 'donation'),
(232, '7_62d67e3fd5619', 4, '5100.00', 'donation'),
(233, '7_62d6806c93f16', 4, '110.00', 'donation'),
(234, '7_62d6810beb126', 4, '5100.00', 'donation'),
(235, '7_62d68b6818108', 4, '21000.00', 'donation'),
(236, '7_62d74659dc2f5', 4, '11111.00', 'donation'),
(238, '7_62d74a2862c48', 4, '5100.00', 'donation'),
(239, '7_62d74adb479b0', 4, '5100.00', 'donation'),
(240, '7_62d74b599f2d1', 4, '510.00', 'donation'),
(241, '7_62d74bcceac98', 4, '2100.00', 'donation'),
(242, '7_62d74c5ff14b3', 4, '2100.00', 'donation'),
(243, '7_62d74cf2a2e4c', 4, '5100.00', 'donation'),
(244, '7_62d75e9eb6550', 4, '21000.00', 'donation'),
(245, '7_62d75f8ba617d', 5, '111111.00', 'donation'),
(246, '7_62d7600784a84', 4, '2100.00', 'donation'),
(247, '7_62d7b3fa94839', 4, '10000.00', 'donation'),
(248, '7_62d7b47e6bf0a', 4, '500.00', 'donation'),
(249, '7_62d7b89e2ccfe', 4, '3100.00', 'donation'),
(250, '7_62d7b913e63ec', 4, '1100.00', 'donation'),
(252, '7_62d7ba8290047', 4, '551.00', 'donation'),
(253, '7_62d7bfacea97b', 4, '3100.00', 'donation'),
(254, '7_62d7c01add630', 4, '5100.00', 'donation'),
(255, '7_62d7c0954093e', 4, '1600.00', 'donation'),
(256, '7_62d7fe2554e1a', 4, '5100.00', 'donation'),
(257, '7_62d803abef328', 4, '1100.00', 'donation'),
(258, '7_62d8043d1caa6', 4, '2100.00', 'donation'),
(259, '7_62d804b19de19', 4, '1100.00', 'donation'),
(260, '7_62d8051e043df', 4, '1100.00', 'donation'),
(261, '7_62d80647a05f6', 4, '1500.00', 'donation'),
(262, '7_62d806c1a9b01', 4, '2100.00', 'donation'),
(263, '7_62d80757c0102', 4, '1100.00', 'donation'),
(264, '7_62d8885f2eeee', 4, '11111.00', 'donation'),
(265, '7_62d888f7aa470', 4, '500.00', 'donation'),
(266, '7_62d8899c8e3b6', 5, '111111.00', 'donation'),
(267, '7_62d88a27e79c0', 5, '11000.00', 'donation'),
(268, '7_62d88aa74ad95', 4, '500.00', 'donation'),
(269, '7_62d88b1fe91c1', 4, '3100.00', 'donation'),
(270, '7_62d88ba147b68', 4, '1100.00', 'donation'),
(271, '7_62d88ca1f355a', 4, '11111.00', 'donation'),
(272, '7_62d88d46e43b3', 4, '1100.00', 'donation'),
(273, '7_62d88dbf602ca', 4, '21000.00', 'donation'),
(274, '7_62d88e62eaca2', 4, '2100.00', 'donation'),
(275, '7_62d88f347e292', 4, '2100.00', 'donation'),
(276, '7_62d8901bd7863', 4, '1100.00', 'donation'),
(277, '7_62d89921933bd', 4, '500.00', 'donation'),
(278, '7_62d8999a02b31', 4, '2100.00', 'donation'),
(279, '7_62d89a28dec56', 4, '11111.00', 'donation'),
(280, '7_62d89bc15021b', 4, '11000.00', 'donation'),
(281, '7_62d89c5957b08', 4, '11000.00', 'donation'),
(282, '7_62d89da5eddf0', 4, '11000.00', 'donation'),
(283, '7_62d89ed393630', 4, '2100.00', 'donation'),
(284, '7_62d8a0128a772', 4, '1100.00', 'donation'),
(285, '7_62d8a0a0e4bc3', 4, '5100.00', 'donation'),
(286, '7_62d8a16e0e40c', 4, '1100.00', 'donation'),
(287, '7_62d8a24d60292', 5, '11111.00', 'donation'),
(288, '7_62d8a2f82c362', 4, '11111.00', 'donation'),
(289, '7_62d8a37b1919c', 4, '500.00', 'donation'),
(290, '7_62d8d8764951b', 4, '1100.00', 'donation'),
(291, '7_62d8d8f1d664e', 4, '1100.00', 'donation'),
(292, '7_62d8d976a9e2b', 4, '11111.00', 'donation'),
(293, '7_62d8d9e99d54e', 4, '11111.00', 'donation'),
(294, '7_62d8dac7a422c', 4, '1100.00', 'donation'),
(295, '7_62d8db5e1c74c', 4, '1100.00', 'donation'),
(296, '7_62d8dc1ba36c0', 4, '1100.00', 'donation'),
(297, '7_62d9eb4e59b20', 4, '551.00', 'donation'),
(298, '7_62d9ef02738ed', 4, '1100.00', 'donation'),
(299, '7_62d9f013bb921', 5, '5100.00', 'donation'),
(300, '7_62d9f08a4b6e6', 5, '11111.00', 'donation'),
(301, '7_62d9f12b420f1', 4, '5500.00', 'donation'),
(302, '7_62d9f21c6a89d', 4, '11111.00', 'donation'),
(303, '7_62d9f2b3644e0', 4, '11121.00', 'donation'),
(304, '7_62d9f3309b9ad', 4, '5500.00', 'donation'),
(305, '7_62d9f4022b7d8', 4, '501.00', 'donation'),
(306, '7_62d9f5110dcac', 4, '5100.00', 'donation'),
(307, '7_62d9fabc149fe', 4, '5100.00', 'donation'),
(308, '7_62d9fb4948142', 4, '1100.00', 'donation'),
(309, '7_62d9fbb3d8012', 4, '500.00', 'donation'),
(310, '7_62d9fc3ce87cb', 4, '1100.00', 'donation'),
(311, '7_62d9fce4c0d1a', 5, '11151.00', 'donation'),
(312, '7_62d9fd8667392', 4, '2100.00', 'donation'),
(313, '7_62d9fe93158ce', 5, '55551.00', 'donation'),
(314, '7_62da76d7d578f', 4, '2100.00', 'donation'),
(315, '7_62da7756325c0', 4, '5100.00', 'donation'),
(316, '7_62da781e9aa85', 4, '2100.00', 'donation'),
(317, '7_62da7aba44660', 4, '2100.00', 'donation'),
(318, '7_62db3c3218ae6', 4, '2100.00', 'donation'),
(319, '7_62db3ce5c09e8', 4, '5100.00', 'donation'),
(320, '7_62db3ec64f9d2', 4, '2100.00', 'donation'),
(321, '7_62df36c134305', 4, '11000.00', 'donation'),
(322, '7_62df37bd181bd', 4, '5100.00', 'donation'),
(323, '7_62df383851ef2', 4, '2100.00', 'donation'),
(324, '7_62df38c0e8fd0', 4, '3100.00', 'donation'),
(325, '7_62df3ab128045', 4, '501.00', 'donation'),
(326, '7_62df3d902b454', 4, '11111.00', 'donation'),
(327, '7_62df3f2902673', 4, '551.00', 'donation'),
(328, '7_62df3fa57e382', 5, '5100.00', 'donation'),
(329, '7_62df4698c2524', 5, '2100.00', 'donation'),
(330, '7_62dfd66697a71', 5, '21021.00', 'donation'),
(331, '7_62dfd75766d94', 4, '1100.00', 'donation'),
(332, '7_62dfd7ccc6f34', 4, '2100.00', 'donation'),
(333, '7_62dfd84d249f8', 4, '501.00', 'donation'),
(334, '7_62dfdae369d3a', 5, '1100.00', 'donation'),
(335, '7_62dfdd9437f5a', 5, '1100.00', 'donation'),
(336, '7_62dfddfea4e98', 4, '1100.00', 'donation'),
(337, '7_62dfde7640946', 5, '501.00', 'donation'),
(338, '7_62dfdee963513', 4, '2100.00', 'donation'),
(339, '7_62dfdf48c869d', 5, '501.00', 'donation'),
(340, '7_62dfdfea4064f', 5, '1100.00', 'donation'),
(341, '7_62dfe05fb6687', 5, '501.00', 'donation'),
(342, '7_62e0828aef079', 4, '1100.00', 'donation'),
(343, '7_62e083a00fef2', 4, '2100.00', 'donation'),
(344, '7_62e084222ab62', 4, '1100.00', 'donation'),
(345, '7_62e084a6d27fa', 4, '11111.00', 'donation'),
(346, '7_62e0851a0b06f', 5, '3100.00', 'donation'),
(347, '7_62e085eceb1bd', 4, '1101.00', 'donation'),
(348, '7_62e087e246ae5', 4, '5100.00', 'donation'),
(349, '7_62e0886bda411', 4, '5100.00', 'donation'),
(350, '7_62e08912ad474', 4, '2100.00', 'donation'),
(351, '7_62e089d659dff', 5, '11101.00', 'donation'),
(352, '7_62e0aff67c236', 4, '1100.00', 'donation'),
(353, '7_62e0b0ab99ada', 4, '2100.00', 'donation'),
(354, '7_62e0b131ba400', 4, '1100.00', 'donation'),
(355, '7_62e0b2652d425', 4, '2100.00', 'donation'),
(356, '7_62e0b4f921039', 4, '1100.00', 'donation'),
(357, '7_62e0b56ba6f52', 4, '1100.00', 'donation'),
(358, '7_62e0b5eb812dd', 4, '2100.00', 'donation'),
(359, '7_62e0b658b007e', 4, '2100.00', 'donation'),
(360, '7_62e0b7909c3e8', 4, '501.00', 'donation'),
(361, '7_62e0b8111c409', 4, '2100.00', 'donation'),
(362, '7_62e0b89a778a6', 4, '5100.00', 'donation'),
(363, '7_62e0b927c8337', 4, '11000.00', 'donation'),
(364, '7_62e0b988a0916', 4, '1100.00', 'donation'),
(365, '7_62e0b9dc2995b', 4, '200.00', 'donation'),
(366, '7_62e0ba53cfef4', 4, '500.00', 'donation'),
(367, '7_62e0baa7203c2', 4, '500.00', 'donation'),
(368, '7_62e0bb08601c9', 4, '1100.00', 'donation'),
(369, '7_62e0bbd587c5f', 4, '5100.00', 'donation'),
(370, '7_62e0bc5f5ee77', 4, '250.00', 'donation'),
(371, '7_62e0be8adf4bc', 4, '1100.00', 'donation'),
(372, '7_62e0bf1ed4b8c', 4, '1100.00', 'donation'),
(373, '7_62e0bf97a022b', 4, '1100.00', 'donation'),
(374, '7_62e0c056b17bd', 4, '1100.00', 'donation'),
(375, '7_62e0c11e1a125', 4, '501.00', 'donation'),
(376, '7_62e0c19850741', 4, '5100.00', 'donation'),
(377, '7_62e0c227112a2', 4, '1100.00', 'donation'),
(378, '7_62e0c2b726d89', 4, '1100.00', 'donation'),
(379, '7_62e0c355ec5a7', 4, '1100.00', 'donation'),
(380, '7_62e0c3de60728', 4, '1100.00', 'donation'),
(381, '7_62e0c4e354b91', 4, '511.00', 'donation'),
(382, '7_62e0c5a60dce8', 4, '2100.00', 'donation'),
(383, '7_62e0c6a7c0070', 4, '7100.00', 'donation'),
(384, '7_62e0c73b918bd', 4, '11111.00', 'donation'),
(385, '7_62e0c7d2ed794', 5, '5001.00', 'donation'),
(386, '7_62e0e10201bf2', 4, '1100.00', 'donation'),
(387, '7_62e0e1975c3a3', 4, '1100.00', 'donation'),
(388, '7_62e0e1ef2d9bc', 4, '1100.00', 'donation'),
(389, '7_62e0e2603012f', 4, '2100.00', 'donation'),
(390, '7_62e0e2c06e683', 4, '1100.00', 'donation'),
(391, '7_62e0e34db8527', 4, '2100.00', 'donation'),
(392, '7_62e0e3c851d89', 4, '1100.00', 'donation'),
(393, '7_62e0e44de7720', 4, '1100.00', 'donation'),
(394, '7_62e0e4f60b512', 4, '1100.00', 'donation'),
(395, '7_62e0e57a2c451', 4, '500.00', 'donation'),
(396, '7_62e0ffd4c240c', 5, '5100.00', 'donation'),
(397, '7_62e10117e00bf', 5, '11111.00', 'donation'),
(398, '7_62e101954a3be', 5, '2100.00', 'donation'),
(399, '7_62e102801dd12', 4, '5100.00', 'donation'),
(400, '7_62e10301d9ad6', 5, '5100.00', 'donation'),
(401, '7_62e104860224b', 5, '2100.00', 'donation'),
(402, '7_62e10a52a049f', 4, '5100.00', 'donation'),
(403, '7_62e10ac42ec2d', 4, '7100.00', 'donation'),
(404, '7_62e10b3135659', 4, '2100.00', 'donation'),
(405, '7_62e10c08334fc', 4, '500.00', 'donation'),
(406, '7_62e10c782481c', 4, '2100.00', 'donation'),
(407, '7_62e10cedbe3e6', 4, '2100.00', 'donation'),
(408, '7_62e10d91629a7', 5, '11111.00', 'donation'),
(409, '7_62e10e0b4f08a', 5, '11111.00', 'donation'),
(410, '7_62e10e57aca63', 4, '100.00', 'donation'),
(411, '7_62e10f303f6b3', 5, '25000.00', 'donation'),
(412, '7_62e1100f1895d', 4, '5100.00', 'donation'),
(413, '7_62e110802eac7', 4, '2100.00', 'donation'),
(414, '7_62e110f24ad61', 4, '5100.00', 'donation'),
(415, '7_62e111534346e', 4, '1100.00', 'donation'),
(416, '7_62e111d496cce', 4, '5100.00', 'donation'),
(417, '7_62e1125f8c1b2', 5, '5100.00', 'donation'),
(418, '7_62e112deaaede', 4, '1100.00', 'donation'),
(419, '7_62e113405ebf4', 4, '550.00', 'donation'),
(420, '7_62e113e9725d8', 5, '11111.00', 'donation'),
(421, '7_62e114a69c4c0', 4, '2100.00', 'donation'),
(422, '7_62e1160047cb4', 5, '2100.00', 'donation'),
(423, '7_62e116762b333', 5, '2100.00', 'donation'),
(424, '7_62e116e54f737', 4, '500.00', 'donation'),
(425, '7_62e1175a45214', 5, '7100.00', 'donation'),
(426, '7_62e118172d27f', 5, '1100.00', 'donation'),
(427, '7_62e1208fa4dfc', 5, '31000.00', 'donation'),
(428, '7_62e1249012943', 5, '51000.00', 'donation'),
(429, '7_62e12c8c8cfc0', 4, '10000.00', 'donation'),
(430, '7_62e131634b638', 4, '-18100.00', 'expense'),
(431, '7_62e131cec7b01', 4, '-13500.00', 'expense'),
(432, '7_62e13617a5a98', 4, '-43500.00', 'expense'),
(433, '7_62e13663e052d', 4, '-2000.00', 'expense'),
(434, '7_62e1d48dcadc5', 4, '-730.00', 'expense'),
(435, '7_62e1d4cf5f678', 4, '-160.00', 'expense'),
(436, '7_62e1d546cdd85', 4, '-5000.00', 'expense'),
(437, '7_62e1d5900c5e5', 4, '-13500.00', 'expense'),
(438, '7_62e1d689b33a6', 4, '-2000.00', 'expense'),
(439, '7_62e1d6e5cc7a5', 4, '-50000.00', 'expense'),
(440, '7_62e1d729cec36', 4, '-43000.00', 'expense'),
(441, '7_62e1d7aa9bfb5', 4, '-270.00', 'expense'),
(442, '7_62e1d7e1267f5', 4, '-1245.00', 'expense'),
(443, '7_62e1d83ec5d81', 4, '-19700.00', 'expense'),
(444, '7_62e1d8986d512', 4, '-50000.00', 'expense'),
(445, '7_62e1d8e53e17e', 4, '-1900.00', 'expense'),
(446, '7_62e1d9de280d6', 4, '-3000.00', 'expense'),
(447, '7_62e1db2dd17a7', 4, '-40500.00', 'expense'),
(448, '7_62e1dba462396', 4, '-4200.00', 'expense'),
(449, '7_62e1dbe9e106c', 4, '-550.00', 'expense'),
(450, '7_62e1dc4cf2867', 4, '-235.00', 'expense'),
(451, '7_62e1dca061e6e', 4, '-2100.00', 'expense'),
(452, '7_62e1dd027805e', 4, '-6000.00', 'expense'),
(453, '7_62e1dd9cdd5a0', 4, '-6800.00', 'expense'),
(454, '7_62e1ddf980e9a', 4, '-50000.00', 'expense'),
(455, '7_62e1de4c6c7de', 4, '-2550.00', 'expense'),
(456, '7_62e1df07b38ed', 4, '-2935.00', 'expense'),
(457, '7_62e1df6e3938f', 4, '-1650.00', 'expense'),
(458, '7_62e1dfbd2bae1', 4, '-3000.00', 'expense'),
(459, '7_62e1dfee8607e', 4, '-3000.00', 'expense'),
(460, '7_62e1e0267ead4', 4, '-1200.00', 'expense'),
(461, '7_62e1e063e6d5f', 4, '-1500.00', 'expense'),
(462, '7_62e1e0af322c1', 4, '-800.00', 'expense'),
(463, '7_62e1e0ed3ec52', 4, '-59050.00', 'expense'),
(464, '7_62e1e1368e1b7', 4, '-970.00', 'expense'),
(465, '7_62e1e3369d2c9', 4, '31111.00', 'donation'),
(466, '7_62e1e3aead774', 2, '15151.00', 'donation'),
(467, '7_62e1e4bacab4f', 5, '21000.00', 'donation'),
(468, '7_62e2494964286', 4, '-200000.00', 'transfer'),
(469, '7_62e2494964286', 5, '200000.00', 'transfer'),
(470, '7_62f055f4ec05c', 4, '101.00', 'donation'),
(471, '7_62f056de75c7e', 4, '1111.00', 'donation'),
(472, '7_62f0573388e66', 4, '501.00', 'donation'),
(473, '7_62f0578cd5f65', 4, '551.00', 'donation'),
(474, '7_62f058f9388c2', 4, '151.00', 'donation'),
(475, '7_62f0599d3b572', 4, '100.00', 'donation'),
(476, '7_62f05a35e08fb', 4, '1100.00', 'donation'),
(477, '7_62f05b13e36e3', 4, '3100.00', 'donation'),
(479, '7_62f05c7bb5471', 4, '1100.00', 'donation'),
(480, '7_62f1aac9c449d', 5, '26151.00', 'donation'),
(481, '7_62f1ada4b0c4b', 4, '2100.00', 'donation'),
(482, '7_62f1ae3f29215', 4, '1001.00', 'donation'),
(483, '7_62f1af204086c', 4, '1100.00', 'donation'),
(484, '7_62f2fcfe2fb63', 4, '511.00', 'donation'),
(485, '7_62f2fd53ed45b', 4, '500.00', 'donation'),
(486, '7_62f2fe704d914', 5, '501.00', 'donation'),
(487, '7_62f2ffe8a0bc1', 4, '1111.00', 'donation'),
(488, '7_62f30051908cd', 5, '1101.00', 'donation'),
(489, '7_62fbd6153b78f', 4, '31000.00', 'donation'),
(490, '7_62fbd672bd63b', 4, '11111.00', 'donation'),
(491, '7_62fd8cea6cca1', 4, '1100.00', 'donation'),
(492, '7_62fd8d5114f24', 4, '1111.00', 'donation'),
(493, '7_62fd8db565362', 4, '39200.00', 'donation'),
(494, '7_62fd905f356bd', 4, '500.00', 'donation'),
(495, '7_62fd90c4b9422', 4, '500.00', 'donation'),
(496, '7_62fd91534f504', 4, '500.00', 'donation'),
(497, '7_62fd91dec3a85', 4, '501.00', 'donation'),
(498, '7_62fd929c974d4', 4, '500.00', 'donation'),
(499, '7_62fd9359c016c', 4, '1101.00', 'donation'),
(500, '7_62fd9deaddc60', 4, '1100.00', 'donation'),
(501, '7_62fed2e3f3fdb', 4, '1100.00', 'donation'),
(502, '7_62fed42ff13a2', 5, '21000.00', 'donation'),
(503, '7_62fed61c64123', 4, '251.00', 'donation'),
(504, '7_62fed69f907b4', 4, '1100.00', 'donation'),
(505, '7_62fed730a3e10', 4, '1000.00', 'donation'),
(506, '7_62fed7b7dd42c', 4, '551.00', 'donation'),
(507, '7_62fed839155fc', 4, '2100.00', 'donation'),
(508, '7_62fed8ab5f7ef', 4, '5100.00', 'donation'),
(509, '7_62fed90885d8a', 4, '5100.00', 'donation'),
(510, '7_62fed98242410', 4, '5100.00', 'donation'),
(511, '7_62fed9df5320a', 4, '1100.00', 'donation'),
(512, '7_62feda3211a8c', 4, '1100.00', 'donation'),
(513, '7_62feda964fea4', 4, '5100.00', 'donation'),
(514, '7_62ff1fbd42bd9', 5, '11151.00', 'donation'),
(515, '7_62ff202d3f067', 5, '10000.00', 'donation'),
(516, '7_63057641f0645', 4, '5151.00', 'donation'),
(517, '7_630576ca0745d', 4, '5151.00', 'donation'),
(518, '7_6305773ad864b', 4, '5151.00', 'donation'),
(519, '7_630577be4cc26', 4, '5100.00', 'donation'),
(520, '7_63057820ba9c4', 4, '5100.00', 'donation'),
(521, '7_63057890491db', 4, '5100.00', 'donation'),
(522, '7_63057920eb451', 4, '5151.00', 'donation'),
(523, '7_630579a589f58', 4, '500.00', 'donation'),
(524, '7_630579fa577a1', 4, '251.00', 'donation'),
(525, '7_63057af8843d0', 4, '500.00', 'donation'),
(526, '7_63057ba44bae7', 4, '500.00', 'donation'),
(527, '7_63057c3c9806b', 4, '1100.00', 'donation'),
(528, '7_630e3fced6805', 4, '51150.00', 'donation'),
(529, '7_631caf5b804b3', 4, '300000.00', 'donation'),
(530, '7_6320b49bb7d6e', 4, '20000.00', 'donation'),
(531, '7_63240478df635', 4, '14000.00', 'donation'),
(532, '7_63244adbbfe2f', 4, '1100.00', 'donation'),
(533, '7_63244b499795a', 4, '300.00', 'donation'),
(534, '7_63244bff21226', 4, '200.00', 'donation'),
(535, '7_632452bc2485f', 4, '-14500.00', 'expense'),
(536, '7_6324530f4a51d', 4, '-150.00', 'expense'),
(537, '7_632453654369b', 4, '-5000.00', 'expense'),
(538, '7_632453b83f823', 4, '-40000.00', 'expense'),
(539, '7_6324541491bc7', 4, '-15000.00', 'expense'),
(540, '7_63245462c2ff4', 4, '-1000.00', 'expense'),
(541, '7_632454baaa09a', 4, '-2712.00', 'expense'),
(542, '7_63245524d96b0', 4, '-2090.00', 'expense'),
(543, '7_6324557c16d6e', 4, '-25000.00', 'expense'),
(544, '7_632456e9c4f54', 4, '-1050.00', 'expense'),
(545, '7_6324575f34bbe', 4, '-5000.00', 'expense'),
(546, '7_632457c5e117d', 4, '-25000.00', 'expense'),
(547, '7_63245de52d52a', 4, '51000.00', 'donation'),
(548, '7_63245e3be119c', 4, '51000.00', 'donation'),
(549, '7_63245e949be20', 4, '-51000.00', 'expense'),
(550, '7_63245edae6e83', 4, '-51000.00', 'expense'),
(551, '7_63254e7fcaccd', 5, '10351.00', 'donation'),
(552, '7_632adc3948ba3', 4, '21111.00', 'donation'),
(553, '7_636320916172e', 4, '11151.00', 'donation'),
(554, '7_6367ad41c037c', 1, '-50000.00', 'expense'),
(555, '7_6367ae17df38c', 1, '-50000.00', 'expense'),
(556, '7_636b156d8ea48', 4, '21111.00', 'donation'),
(557, '7_636b1683a9134', 4, '21000.00', 'donation'),
(558, '7_636b172e8f00d', 4, '5100.00', 'donation'),
(559, '7_636b206ba7ebb', 4, '55555.00', 'donation'),
(560, '7_636b215f18409', 4, '5100.00', 'donation'),
(561, '7_636b21e09ae74', 4, '1100.00', 'donation'),
(562, '7_636b9e4a3e99e', 4, '-22200.00', 'expense'),
(563, '7_636b9f273b462', 4, '-31000.00', 'expense'),
(564, '7_636b9feaf083e', 4, '-100000.00', 'expense'),
(565, '7_636ba03059f27', 4, '-10000.00', 'expense'),
(566, '7_636ba08ea505a', 4, '-1100.00', 'expense'),
(567, '7_636ba1031bd27', 4, '-150000.00', 'expense'),
(568, '7_636ba15235945', 4, '-3250.00', 'expense'),
(569, '7_636ba1edcfa0a', 4, '-1100.00', 'expense'),
(570, '7_636ba2df095a0', 4, '-3000.00', 'expense'),
(571, '7_636ba328c3fef', 4, '-2000.00', 'expense'),
(572, '7_636ba39f20560', 4, '-60000.00', 'expense'),
(573, '7_636ba3e01fae5', 4, '-5000.00', 'expense'),
(574, '7_636ba48104f0d', 4, '-15000.00', 'expense'),
(575, '7_636ba4ab380d0', 4, '-2000.00', 'expense'),
(576, '7_636ba4ef6d828', 4, '-1080.00', 'expense'),
(577, '7_636ba51ceae0f', 4, '-40000.00', 'expense'),
(578, '7_636ba582aa8ab', 4, '-15000.00', 'expense'),
(579, '7_636ba5bf1707d', 4, '-3000.00', 'expense'),
(580, '7_636ba5ee99619', 4, '-2000.00', 'expense'),
(581, '7_636baf3e4f0ce', 2, '-40.00', 'expense'),
(582, '7_636baf919c253', 2, '-300.00', 'expense'),
(583, '7_636bafea539ba', 2, '-20000.00', 'expense'),
(584, '7_636bb0d9e41f6', 2, '-120.00', 'expense'),
(585, '7_636bb2280eb80', 2, '-20000.00', 'expense'),
(586, '7_636bb2fa4f743', 2, '-100.00', 'expense'),
(587, '7_636bb34d58505', 2, '-6000.00', 'expense'),
(588, '7_636bb423c9964', 2, '-350.00', 'expense'),
(589, '7_636bb50a40f71', 2, '-40000.00', 'expense'),
(590, '7_636bb5915d7de', 2, '-350.00', 'expense'),
(591, '7_636bb67cae34f', 2, '-17550.00', 'expense'),
(592, '7_636bb703ce927', 2, '-1000.00', 'expense'),
(593, '7_636bb7bdad771', 2, '500.00', 'donation'),
(594, '7_636bb93e33415', 2, '2100.00', 'donation'),
(595, '7_636bbb7e88dd9', 2, '21111.00', 'donation'),
(596, '7_636bbc0e0848d', 2, '-2400.00', 'expense'),
(597, '7_636bbc4138a07', 2, '-225.00', 'expense'),
(598, '7_636bbc7fe85bd', 2, '-800.00', 'expense'),
(599, '7_636bbcc38d24e', 2, '-280.00', 'expense'),
(600, '7_636bbd427f91a', 2, '-65.00', 'expense'),
(601, '7_636bbd74c4db5', 2, '-100.00', 'expense'),
(602, '7_636bbdbe022e1', 2, '200.00', 'donation'),
(603, '7_636bbe220524b', 2, '1100.00', 'donation'),
(604, '7_636bbe9dc47e2', 2, '2100.00', 'donation'),
(605, '7_638e874f7e2e3', 4, '51150.00', 'donation'),
(606, '7_638f0e131445d', 4, '30000.00', 'donation'),
(607, '7_638f19f9ae2d9', 5, '11000.00', 'donation'),
(608, '7_6395599801823', 4, '51151.00', 'donation'),
(609, '7_639c15c573961', 4, '5100.00', 'donation'),
(610, '7_63a04567a3673', 4, '11000.00', 'donation'),
(611, '7_63a046a466758', 5, '26000.00', 'donation'),
(612, '7_63a049d379120', 5, '1101.00', 'donation'),
(613, '7_63a04cce1fcfb', 5, '11111.00', 'donation'),
(614, '7_63a04d3abbcec', 2, '-14000.00', 'expense'),
(615, '7_63a04d9e584eb', 2, '500.00', 'donation'),
(616, '7_63a04dfdc37c0', 2, '500.00', 'donation'),
(617, '7_63a052681b828', 4, '1100.00', 'donation'),
(618, '7_63a0531808a0d', 4, '5100.00', 'donation'),
(619, '7_63a0549327883', 4, '2100.00', 'donation'),
(620, '7_63a054eb1f9c7', 4, '1100.00', 'donation'),
(621, '7_63a05529be8b6', 4, '11000.00', 'donation'),
(622, '7_63a055e801b5d', 4, '500.00', 'donation'),
(623, '7_63a0563955405', 4, '500.00', 'donation'),
(624, '7_63a0570c322bd', 4, '1100.00', 'donation'),
(625, '7_63c4a52f5be24', 1, '290414.00', 'donation'),
(628, '7_63c4acf02014f', 1, '-700.00', 'expense'),
(629, '7_63c4ada56c754', 1, '-360.00', 'expense'),
(630, '7_63c4ae02a7f14', 1, '-4300.00', 'expense'),
(631, '7_63c4ae56d83b4', 1, '-1450.00', 'expense'),
(632, '7_63c4aebd9714b', 1, '-220.00', 'expense'),
(633, '7_63c4af16d971a', 1, '-2570.00', 'expense'),
(634, '7_63c4af972f96f', 1, '-9000.00', 'expense'),
(635, '7_63c4b017d0ab6', 1, '-7000.00', 'expense'),
(636, '7_63c4b071e5243', 1, '-2700.00', 'expense'),
(637, '7_63c4b0ea16ba7', 1, '-3000.00', 'expense'),
(638, '7_63c4b17cde408', 1, '-5600.00', 'expense'),
(639, '7_63c4b1e08b2cb', 1, '-6880.00', 'expense'),
(640, '7_63c4b2761d036', 1, '-4000.00', 'expense'),
(641, '7_63c4b2d563b9a', 1, '-50000.00', 'expense'),
(642, '7_63c4b33c64e3e', 1, '-50000.00', 'expense'),
(643, '7_63c4b38b43144', 1, '-50000.00', 'expense'),
(644, '7_63c4b3cd1d4ab', 1, '-5500.00', 'expense'),
(645, '7_63c4b43cdf5e0', 1, '-8000.00', 'expense'),
(646, '7_63c4b49b6b398', 1, '-4700.00', 'expense'),
(647, '7_63c4b50f7e58c', 1, '-1.00', 'expense'),
(648, '7_63c4b5b4a7a95', 1, '-9000.00', 'expense'),
(649, '7_63c4b6037e2c1', 4, '-10000.00', 'transfer'),
(650, '7_63c4b6037e2c1', 1, '10000.00', 'transfer'),
(651, '7_63c5fd3abeb4f', 4, '-10000.00', 'expense'),
(652, '7_63c5fde833fbd', 4, '-10000.00', 'expense'),
(653, '7_63c5fe33c75f7', 4, '-10000.00', 'expense'),
(654, '7_63c5fea333ee5', 4, '-5000.00', 'expense'),
(655, '7_63c5ff31571ef', 4, '-10997.00', 'expense'),
(656, '7_63c5ff7d03625', 4, '-190000.00', 'expense'),
(657, '7_63c5ffe16ae04', 4, '-330.00', 'expense'),
(658, '7_63c6004383f03', 4, '-15000.00', 'expense'),
(659, '7_63c6008560fab', 4, '-3000.00', 'expense'),
(660, '7_63c600b1d4941', 4, '-10000.00', 'expense'),
(661, '7_63c600e5302ba', 4, '-5000.00', 'expense'),
(662, '7_63c6013840374', 4, '-5000.00', 'expense'),
(663, '7_63c60175b2a3a', 4, '-330.00', 'expense'),
(664, '7_63c601aade63b', 4, '-420.00', 'expense'),
(665, '7_63c601edab3ee', 4, '-6000.00', 'expense'),
(666, '7_63c60223b1cec', 4, '-100.00', 'expense'),
(667, '7_63c6025c482e2', 4, '-300.00', 'expense'),
(668, '7_63c602990d04d', 4, '-50.00', 'expense'),
(669, '7_63c602d0238da', 4, '-200.00', 'expense'),
(670, '7_63c6032028f7f', 4, '-950.00', 'expense'),
(671, '7_63c74095bec66', 4, '-1500.00', 'expense'),
(672, '7_63c740d2b351b', 4, '-1080.00', 'expense'),
(673, '7_63c74134b384b', 4, '-330.00', 'expense'),
(674, '7_63c7419411bef', 4, '-1200.00', 'expense'),
(675, '7_63c741e6b2f68', 4, '-7800.00', 'expense'),
(676, '7_63c7426848c3f', 4, '-4500.00', 'expense'),
(677, '7_63c742ffe28cd', 4, '-10000.00', 'expense'),
(678, '7_63c7433752296', 4, '-32000.00', 'expense'),
(679, '7_63c7439e89010', 4, '-1800.00', 'expense'),
(680, '7_63c7444058211', 4, '-10600.00', 'expense'),
(681, '7_63c74495036d8', 4, '-5000.00', 'expense'),
(682, '7_63c7452317cb5', 4, '-48000.00', 'expense'),
(683, '7_63c7456c5248c', 4, '-10000.00', 'expense'),
(684, '7_63c745d9ba644', 4, '-3000.00', 'expense'),
(685, '7_63c746202ecd2', 4, '-7780.00', 'expense'),
(686, '7_63c74665e814d', 4, '-10000.00', 'expense'),
(687, '7_63c746999c277', 4, '-10600.00', 'expense'),
(688, '7_63c7470640aff', 4, '-140.00', 'expense'),
(689, '7_63c7475bb7aa8', 4, '-900.00', 'expense'),
(690, '7_63c748f034e73', 4, '-43280.00', 'transfer'),
(691, '7_63c748f034e73', 2, '43280.00', 'transfer'),
(694, '7_63c74db4c1e02', 4, '10111.00', 'donation'),
(695, '7_63c74fde8b9e5', 4, '5100.00', 'donation'),
(696, '7_63c75052a6687', 4, '501.00', 'donation'),
(697, '7_63c750b729154', 4, '3100.00', 'donation'),
(698, '7_63c751429a44c', 4, '11111.00', 'donation'),
(699, '7_63c751c33b4a7', 4, '2100.00', 'donation'),
(700, '7_63c752303d5c8', 4, '11111.00', 'donation'),
(701, '7_63c752bb6aecb', 4, '2100.00', 'donation'),
(702, '7_63c75343d232f', 4, '1100.00', 'donation'),
(703, '7_63c7539481e5d', 4, '1100.00', 'donation'),
(704, '7_63c75471b5655', 5, '5100.00', 'donation'),
(705, '7_63c754e3e706b', 4, '5100.00', 'donation'),
(706, '7_63c7558307051', 4, '100000.00', 'donation'),
(707, '7_63c7567e6d6e6', 4, '-200000.00', 'transfer'),
(708, '7_63c7567e6d6e6', 5, '200000.00', 'transfer'),
(709, '7_63d46ee90d770', 1, '-5300.00', 'expense'),
(710, '7_63d46f57f006a', 1, '-1.00', 'expense'),
(713, '7_6415a615c14e0', 1, '-50000.00', 'expense'),
(714, '7_6415aa426c0c1', 4, '5100.00', 'donation'),
(715, '7_6415aac8a931f', 4, '5100.00', 'donation'),
(716, '7_6415ab4c52d55', 4, '5100.00', 'donation'),
(717, '7_6415aca8817b4', 4, '5100.00', 'donation'),
(718, '7_6415ae3c81d53', 4, '101.00', 'donation'),
(719, '7_6415b1184d110', 4, '5100.00', 'donation'),
(720, '7_6415b1a1c4881', 4, '20.00', 'donation'),
(721, '7_6415b24d2e75a', 4, '2100.00', 'donation'),
(722, '7_6415b2973e148', 4, '500.00', 'donation'),
(723, '7_6415b2da4c0b2', 4, '100.00', 'donation'),
(724, '7_6415b370924a1', 4, '400.00', 'donation'),
(725, '7_6415b3c88c202', 4, '500.00', 'donation'),
(726, '7_6415b4474bfb5', 4, '51.00', 'donation'),
(727, '7_6415b505882bd', 4, '201.00', 'donation'),
(728, '7_6415b55665ce5', 4, '100.00', 'donation'),
(729, '7_6418fa61d2d96', 4, '200.00', 'donation'),
(730, '7_6418faf957e79', 4, '1100.00', 'donation'),
(731, '7_6418fb5c094b8', 4, '1000.00', 'donation'),
(732, '7_6418fc90b1786', 4, '1000.00', 'donation'),
(733, '7_6418fcfe8b75a', 4, '500.00', 'donation'),
(735, '7_6419027c229ec', 4, '1100.00', 'donation'),
(736, '7_6419032eb9d1e', 4, '200.00', 'donation'),
(737, '7_6419037cbd4f1', 4, '2000.00', 'donation'),
(738, '7_641905653a00b', 4, '1100.00', 'donation'),
(739, '7_641905f9c6951', 4, '1100.00', 'donation'),
(740, '7_641906e5aa1dd', 4, '21000.00', 'donation'),
(741, '7_64190747457ac', 4, '2100.00', 'donation'),
(742, '7_641907907db6a', 4, '5100.00', 'donation'),
(743, '7_641908b35280b', 4, '1100.00', 'donation'),
(744, '7_64190e5135ce3', 4, '-20000.00', 'expense'),
(745, '7_64190fd0a2499', 4, '-5000.00', 'expense'),
(746, '7_6419100a0e038', 4, '-30000.00', 'expense'),
(747, '7_6419106829281', 4, '-6000.00', 'expense'),
(748, '7_6419119dd416d', 4, '-55000.00', 'expense'),
(749, '7_64191200185bd', 4, '-6000.00', 'expense'),
(750, '7_64191285a894c', 4, '-300000.00', 'expense'),
(751, '7_641a534b4353e', 4, '-600.00', 'expense'),
(752, '7_641a55978fe08', 4, '-900.00', 'expense'),
(753, '7_641a55dae645f', 4, '-900.00', 'expense'),
(754, '7_641a561990159', 4, '-900.00', 'expense'),
(755, '7_641a564be335a', 4, '-900.00', 'expense'),
(756, '7_641a56835374e', 4, '-900.00', 'expense'),
(757, '7_641a59b3d9ce9', 4, '-210.00', 'expense'),
(758, '7_641a5a17bcc96', 4, '-1000.00', 'expense'),
(759, '7_641a5a66d07c3', 4, '-757.00', 'expense'),
(760, '7_641a5a9ac8963', 4, '-30.00', 'expense'),
(761, '7_641a5b3b0d18b', 4, '-10500.00', 'expense'),
(762, '7_641a5bb6e17e8', 4, '-5000.00', 'expense'),
(763, '7_641a5c406a33d', 4, '-11500.00', 'expense'),
(764, '7_641a5cb637e41', 4, '-28000.00', 'expense'),
(765, '7_641a5d3a82c67', 4, '-17200.00', 'expense'),
(766, '7_641a5dd77320d', 4, '-6000.00', 'expense'),
(767, '7_641a5e6a78968', 4, '-11600.00', 'expense'),
(768, '7_641a5eb488e1b', 4, '-2000.00', 'expense'),
(769, '7_641a64eeb4933', 5, '11111.00', 'donation'),
(770, '7_641a6538bebf8', 5, '100000.00', 'donation'),
(771, '7_641a670bcacbf', 4, '1100.00', 'donation'),
(772, '7_641a6ce7484bc', 4, '11000.00', 'donation'),
(773, '7_641cf9093ba4b', 5, '10400.00', 'donation'),
(774, '7_641cf9ec70942', 5, '3161.00', 'donation'),
(775, '7_641cfada55774', 4, '1100.00', 'donation'),
(776, '7_641cfb8c45fd4', 4, '7100.00', 'donation'),
(777, '7_641cfc0814ffd', 4, '11000.00', 'donation'),
(778, '7_641cfc8970b84', 4, '1100.00', 'donation'),
(779, '7_641cfcfdbaed6', 4, '2100.00', 'donation'),
(780, '7_641cfe2f19de0', 4, '5100.00', 'donation'),
(781, '7_641cfe855aca4', 4, '2100.00', 'donation'),
(782, '7_641cff88ce88b', 4, '2100.00', 'donation'),
(783, '7_641d0001178e0', 4, '1100.00', 'donation'),
(784, '7_641d005dc390f', 4, '1100.00', 'donation'),
(785, '7_641d00e34d321', 4, '501.00', 'donation'),
(786, '7_641d0154da493', 4, '1100.00', 'donation'),
(787, '7_641d01b6788b9', 4, '1100.00', 'donation'),
(788, '7_641d021a4f4f0', 4, '1100.00', 'donation'),
(789, '7_641d029c13612', 5, '50000.00', 'donation'),
(790, '7_641d02df9a0ca', 5, '50000.00', 'donation'),
(791, '7_6448faa25153d', 4, '500.00', 'donation'),
(792, '7_6448faed4d453', 4, '1100.00', 'donation'),
(793, '7_6448fb2f4d3c5', 4, '5100.00', 'donation'),
(794, '7_6448fb764b517', 4, '551.00', 'donation'),
(795, '7_6448fbb8376a5', 4, '500.00', 'donation'),
(796, '7_6448fbef71075', 4, '500.00', 'donation'),
(797, '7_6448fc4412540', 4, '500.00', 'donation'),
(798, '7_6448fcc5918b7', 4, '501.00', 'donation'),
(799, '7_6448fd2f46297', 4, '501.00', 'donation'),
(800, '7_6448fd84529e5', 4, '501.00', 'donation'),
(801, '7_6448fed14e31e', 4, '501.00', 'donation'),
(802, '7_6448ff1a22cc8', 4, '501.00', 'donation'),
(803, '7_6448ff6517d3c', 4, '501.00', 'donation'),
(804, '7_6449026e4cb17', 4, '1100.00', 'donation'),
(805, '7_6449037aa0669', 4, '2111.00', 'donation'),
(806, '7_644903c4645d5', 4, '1100.00', 'donation'),
(807, '7_6449058b0a019', 4, '500.00', 'donation'),
(808, '7_644905ddcd324', 4, '500.00', 'donation'),
(809, '7_6449062c2a833', 4, '1100.00', 'donation'),
(810, '7_6449066ce1d7a', 4, '11000.00', 'donation'),
(811, '7_644906b2c1b52', 4, '11000.00', 'donation'),
(812, '7_644906ef873fc', 4, '3100.00', 'donation'),
(813, '7_6449072825515', 4, '5100.00', 'donation'),
(814, '7_6449076c5f362', 4, '1100.00', 'donation'),
(815, '7_64490798c3918', 4, '500.00', 'donation'),
(816, '7_6449085919c41', 4, '5100.00', 'donation'),
(817, '7_644909252f126', 4, '1100.00', 'donation'),
(818, '7_64490988a2e36', 4, '5100.00', 'donation'),
(819, '7_64490ca3d012d', 4, '25100.00', 'donation'),
(820, '7_64490d495a8a2', 4, '25100.00', 'donation'),
(821, '7_64490e08aade9', 4, '1589.00', 'donation'),
(822, '7_64490ec781942', 4, '25100.00', 'donation'),
(823, '7_6449108bdcb3e', 4, '25100.00', 'donation'),
(824, '7_64491155c48c1', 4, '2100.00', 'donation'),
(825, '7_644911c421aae', 4, '55000.00', 'donation'),
(826, '7_6449120299798', 4, '17000.00', 'donation'),
(827, '7_64491278897aa', 4, '5100.00', 'donation'),
(828, '7_644912e109344', 4, '5100.00', 'donation'),
(829, '7_644913470e1a2', 4, '-5000.00', 'expense'),
(830, '7_644914621b406', 4, '-1450.00', 'expense'),
(831, '7_6449162fc3ded', 4, '-2000.00', 'expense'),
(832, '7_6449168dc5ef4', 4, '-2090.00', 'expense'),
(833, '7_644916c0e2ca6', 4, '-300.00', 'expense'),
(834, '7_64491716e6c27', 4, '-800.00', 'expense'),
(835, '7_644918161edf1', 4, '-30000.00', 'expense'),
(836, '7_644918743777b', 4, '-224500.00', 'expense'),
(837, '7_644918b4e10c8', 4, '-4600.00', 'expense'),
(838, '7_644918dace315', 4, '-3000.00', 'expense'),
(839, '7_64491922e87b6', 4, '-30000.00', 'expense'),
(840, '7_6449198c9f9a5', 4, '-1085.00', 'expense'),
(841, '7_64491b54121c2', 4, '-660.00', 'expense'),
(842, '7_64491b884f982', 4, '-1160.00', 'expense'),
(843, '7_64491bacc58d0', 4, '-12000.00', 'expense'),
(844, '7_64491be2b8a47', 4, '-650.00', 'expense'),
(845, '7_64491c621084e', 4, '-92000.00', 'expense'),
(846, '7_64491c9ed5cff', 4, '-35000.00', 'expense'),
(847, '7_64491cc591937', 4, '-25000.00', 'expense'),
(848, '7_64491d3962342', 4, '-965.00', 'expense'),
(849, '7_64491db531b54', 4, '-1600.00', 'expense'),
(850, '7_64491e15ab2c6', 4, '-14000.00', 'expense'),
(851, '7_6449c8cd563d2', 1, '-14155.00', 'expense'),
(852, '7_6449ca4e8be56', 1, '-5310.00', 'expense'),
(853, '7_6449cad115c98', 1, '-785.00', 'expense'),
(854, '7_6449cb61a97a4', 1, '-1750.00', 'expense'),
(855, '7_6449cb9a48292', 1, '-200.00', 'expense'),
(856, '7_6449cc0c345ec', 1, '-250.00', 'expense'),
(859, '7_64c0ee2bb6e5e', 4, '17150.00', 'donation'),
(860, '7_64c0ef036af2e', 4, '11000.00', 'donation'),
(861, '7_64c0ef80de81f', 4, '1100.00', 'donation'),
(862, '7_64c0f3f0da325', 4, '2100.00', 'donation'),
(863, '7_64c0f46f32a89', 4, '1100.00', 'donation'),
(864, '7_64c0f4bb5d16d', 4, '1100.00', 'donation'),
(865, '7_64c0f50f92700', 4, '4100.00', 'donation'),
(866, '7_64c0f559aa2e3', 4, '2100.00', 'donation'),
(867, '7_64c0f5b3d5107', 4, '3100.00', 'donation'),
(868, '7_64c0f61d97bfc', 4, '11111.00', 'donation'),
(869, '7_64c0f680321e5', 4, '11111.00', 'donation'),
(870, '7_64c0f71649d1d', 4, '5100.00', 'donation'),
(871, '7_64c1bc4263c2f', 4, '5100.00', 'donation'),
(872, '7_64c1bcfb2d56d', 4, '2100.00', 'donation'),
(873, '7_64c1bd72e9717', 4, '5100.00', 'donation'),
(874, '7_64c1be068e3f7', 4, '2100.00', 'donation'),
(875, '7_64c1beb8b570a', 4, '1100.00', 'donation'),
(876, '7_64e2af3b0a3b5', 4, '-3000.00', 'expense'),
(877, '7_64e2afc8d0f3a', 4, '-100000.00', 'expense'),
(878, '7_64e2b011bdfa1', 4, '-1100.00', 'expense'),
(879, '7_64e2b04c11604', 4, '-120.00', 'expense'),
(880, '7_64e2b0a4f1932', 4, '-660.00', 'expense'),
(881, '7_64e2b11aa031d', 4, '-30003.00', 'expense'),
(882, '7_64e2b18005cfd', 4, '-2220.00', 'expense'),
(883, '7_64e2b1e43f417', 4, '-3800.00', 'expense'),
(884, '7_64e2b2f43f93b', 4, '-12650.00', 'expense'),
(885, '7_64e2b3d9269de', 4, '-20400.00', 'expense'),
(886, '7_64e2b44b7a31e', 4, '-30000.00', 'expense'),
(887, '7_64e2b47cc50df', 4, '-2000.00', 'expense'),
(888, '7_64e2b4e2b6714', 4, '-2000.00', 'expense'),
(889, '7_64e2b51e95128', 4, '-20000.00', 'expense'),
(890, '7_64e2b597a6a34', 4, '-1000.00', 'expense'),
(891, '7_64e2b5d85c5aa', 4, '-45000.00', 'expense'),
(892, '7_64e2b635e1f2d', 4, '-1900.00', 'expense'),
(893, '7_64e2b66d3b5e1', 4, '-1100.00', 'expense'),
(894, '7_64e2b6a6aa9c4', 4, '-50.00', 'expense'),
(895, '7_64e2b7077e912', 4, '-9000.00', 'expense'),
(896, '7_64e2b73f0d2cd', 4, '-500.00', 'expense'),
(897, '7_64e2b7cfac065', 4, '-10100.00', 'expense'),
(898, '7_64e2b8194de9a', 4, '-1258.00', 'expense'),
(899, '7_64e2b84f47b28', 4, '-1000.00', 'expense'),
(900, '7_64e2b8a640532', 4, '-2600.00', 'expense'),
(901, '7_64e2b92cb8e7c', 4, '-25100.00', 'expense'),
(902, '7_64e2b9705cc74', 4, '-400.00', 'expense'),
(903, '7_64e2b9bbc780b', 4, '-10700.00', 'expense'),
(904, '7_64e2b9f0ae1c8', 4, '-900.00', 'expense'),
(905, '7_64e2ba2f96695', 4, '-2450.00', 'expense'),
(906, '7_64e2ba6d94f93', 4, '-6000.00', 'expense'),
(907, '1_64f354e882cc0', 5, '-1000.00', 'transfer'),
(908, '1_64f354e882cc0', 3, '1000.00', 'transfer'),
(909, '1_65154a08a00a6', 3, '-100.00', 'transfer'),
(910, '1_65154a08a00a6', 5, '100.00', 'transfer');

-- --------------------------------------------------------

--
-- Table structure for table `app_transfer`
--

DROP TABLE IF EXISTS `app_transfer`;
CREATE TABLE IF NOT EXISTS `app_transfer` (
  `id` int NOT NULL AUTO_INCREMENT,
  `txn_id` varchar(100) NOT NULL,
  `from_account` int NOT NULL,
  `to_account` int NOT NULL,
  `amount` decimal(12,2) NOT NULL,
  `created_by` int NOT NULL,
  `created_on` datetime NOT NULL,
  `updated_on` datetime NOT NULL,
  PRIMARY KEY (`id`)
) ENGINE=InnoDB AUTO_INCREMENT=18 DEFAULT CHARSET=utf8mb3;

-- --------------------------------------------------------

--
-- Table structure for table `ci_sessions`
--

DROP TABLE IF EXISTS `ci_sessions`;
CREATE TABLE IF NOT EXISTS `ci_sessions` (
  `id` varchar(40) NOT NULL,
  `ip_address` varchar(45) NOT NULL,
  `timestamp` int UNSIGNED NOT NULL DEFAULT '0',
  `data` blob NOT NULL,
  PRIMARY KEY (`id`),
  KEY `ci_sessions_timestamp` (`timestamp`)
) ENGINE=InnoDB DEFAULT CHARSET=utf8mb3;

--
-- Dumping data for table `ci_sessions`
--

INSERT INTO `ci_sessions` (`id`, `ip_address`, `timestamp`, `data`) VALUES
('0b4grqppbbkss0ravahf71pcsduorq2j', '::1', 1695891671, 0x5f5f63695f6c6173745f726567656e65726174657c693a313639353839313637313b41444d494e5f49447c733a313a2231223b545950457c733a313a2241223b44656661756c7450617373776f72647c733a313a2230223b6c616e67756167657c733a373a22656e676c697368223b),
('0pajcpjp5fhmbfdhkkn8a0vac7ehbtep', '::1', 1695823263, 0x5f5f63695f6c6173745f726567656e65726174657c693a313639353832333236333b41444d494e5f49447c733a313a2231223b545950457c733a313a2241223b44656661756c7450617373776f72647c733a313a2230223b6c616e67756167657c733a373a22656e676c697368223b),
('2afer5ivu51qdqk1ues00762ctnmb3t6', '::1', 1695890886, 0x5f5f63695f6c6173745f726567656e65726174657c693a313639353839303838363b41444d494e5f49447c733a313a2231223b545950457c733a313a2241223b44656661756c7450617373776f72647c733a313a2230223b6c616e67756167657c733a373a22656e676c697368223b),
('7kr32nu610pskrsqpj8sabu54cou118e', '::1', 1695828907, 0x5f5f63695f6c6173745f726567656e65726174657c693a313639353832383930373b41444d494e5f49447c733a313a2231223b545950457c733a313a2241223b44656661756c7450617373776f72647c733a313a2230223b6c616e67756167657c733a373a22656e676c697368223b),
('85agul4svu347g12t3umo15dian3tsiu', '::1', 1695890581, 0x5f5f63695f6c6173745f726567656e65726174657c693a313639353839303538313b41444d494e5f49447c733a313a2231223b545950457c733a313a2241223b44656661756c7450617373776f72647c733a313a2230223b6c616e67756167657c733a373a22656e676c697368223b),
('912on0fanel39nnj5cj6kmr4oha46ou5', '::1', 1695892774, 0x5f5f63695f6c6173745f726567656e65726174657c693a313639353839323737343b41444d494e5f49447c733a313a2231223b545950457c733a313a2241223b44656661756c7450617373776f72647c733a313a2230223b6c616e67756167657c733a373a22656e676c697368223b),
('b5mnjb4c169fok4okf4j0n30q83kbli6', '::1', 1695824229, 0x5f5f63695f6c6173745f726567656e65726174657c693a313639353832343232393b41444d494e5f49447c733a313a2231223b545950457c733a313a2241223b44656661756c7450617373776f72647c733a313a2230223b6c616e67756167657c733a373a22656e676c697368223b),
('e6p7754geen6nejccb68ekokrk49djqc', '::1', 1695825696, 0x5f5f63695f6c6173745f726567656e65726174657c693a313639353832353639363b41444d494e5f49447c733a313a2231223b545950457c733a313a2241223b44656661756c7450617373776f72647c733a313a2230223b6c616e67756167657c733a373a22656e676c697368223b),
('ed1do3kkupaj4ro6vd60m4r9lvchlk6r', '::1', 1695822214, 0x5f5f63695f6c6173745f726567656e65726174657c693a313639353832323231343b41444d494e5f49447c733a313a2231223b545950457c733a313a2241223b44656661756c7450617373776f72647c733a313a2230223b6c616e67756167657c733a373a22656e676c697368223b),
('eukjbnepg2j6shr1loa97l1b5062gvqa', '::1', 1695824702, 0x5f5f63695f6c6173745f726567656e65726174657c693a313639353832343730323b41444d494e5f49447c733a313a2231223b545950457c733a313a2241223b44656661756c7450617373776f72647c733a313a2230223b6c616e67756167657c733a373a22656e676c697368223b),
('g04qflmm1vmolo6aqscgs4bk3p4i25av', '::1', 1695894130, 0x5f5f63695f6c6173745f726567656e65726174657c693a313639353839333930313b41444d494e5f49447c733a313a2231223b545950457c733a313a2241223b44656661756c7450617373776f72647c733a313a2230223b6c616e67756167657c733a373a22656e676c697368223b),
('i9s6ihakacc9ndfd16odem2seic600ki', '::1', 1695822534, 0x5f5f63695f6c6173745f726567656e65726174657c693a313639353832323533343b41444d494e5f49447c733a313a2231223b545950457c733a313a2241223b44656661756c7450617373776f72647c733a313a2230223b6c616e67756167657c733a373a22656e676c697368223b),
('ibg1ouc6e4g8f324ibqbnemevvqo1sui', '::1', 1695891199, 0x5f5f63695f6c6173745f726567656e65726174657c693a313639353839313139393b41444d494e5f49447c733a313a2231223b545950457c733a313a2241223b44656661756c7450617373776f72647c733a313a2230223b6c616e67756167657c733a373a22656e676c697368223b),
('iuqncmer7me2o9chlmceimdcbb0gjdgq', '::1', 1695825024, 0x5f5f63695f6c6173745f726567656e65726174657c693a313639353832353032343b41444d494e5f49447c733a313a2231223b545950457c733a313a2241223b44656661756c7450617373776f72647c733a313a2230223b6c616e67756167657c733a373a22656e676c697368223b),
('kfdsmluvq6jgk1bom8k02br870v69bd7', '::1', 1695823915, 0x5f5f63695f6c6173745f726567656e65726174657c693a313639353832333931353b41444d494e5f49447c733a313a2231223b545950457c733a313a2241223b44656661756c7450617373776f72647c733a313a2230223b6c616e67756167657c733a373a22656e676c697368223b),
('m80atuq5he8n3k1hf41g62s3rdsbvkoq', '::1', 1695823608, 0x5f5f63695f6c6173745f726567656e65726174657c693a313639353832333630383b41444d494e5f49447c733a313a2231223b545950457c733a313a2241223b44656661756c7450617373776f72647c733a313a2230223b6c616e67756167657c733a373a22656e676c697368223b),
('mjsk0codet7t7itiesrr6p9ih05n12a8', '::1', 1695890248, 0x5f5f63695f6c6173745f726567656e65726174657c693a313639353839303234383b41444d494e5f49447c733a313a2231223b545950457c733a313a2241223b44656661756c7450617373776f72647c733a313a2230223b6c616e67756167657c733a373a22656e676c697368223b),
('muqpg8fevqesbbhfhkcm1nkvohvmhlid', '::1', 1695828929, 0x5f5f63695f6c6173745f726567656e65726174657c693a313639353832383930373b41444d494e5f49447c733a313a2231223b545950457c733a313a2241223b44656661756c7450617373776f72647c733a313a2230223b6c616e67756167657c733a373a22656e676c697368223b),
('okqrf6sddsfeeuvivg19sh25nlh51hvg', '::1', 1695825375, 0x5f5f63695f6c6173745f726567656e65726174657c693a313639353832353337353b41444d494e5f49447c733a313a2231223b545950457c733a313a2241223b44656661756c7450617373776f72647c733a313a2230223b6c616e67756167657c733a373a22656e676c697368223b),
('ot8d1hukctn6n3bhr9dokrbog3cvu43l', '::1', 1695893901, 0x5f5f63695f6c6173745f726567656e65726174657c693a313639353839333930313b41444d494e5f49447c733a313a2231223b545950457c733a313a2241223b44656661756c7450617373776f72647c733a313a2230223b6c616e67756167657c733a373a22656e676c697368223b),
('qad02lrmtaq45s5k12nnekpep18v7jg5', '::1', 1695901534, 0x5f5f63695f6c6173745f726567656e65726174657c693a313639353930313531313b41444d494e5f49447c733a313a2231223b545950457c733a313a2241223b44656661756c7450617373776f72647c733a313a2230223b6c616e67756167657c733a373a22656e676c697368223b),
('sd6ua4qrevpjde1j6ouebf7bciqfvfss', '::1', 1695892035, 0x5f5f63695f6c6173745f726567656e65726174657c693a313639353839323033353b41444d494e5f49447c733a313a2231223b545950457c733a313a2241223b44656661756c7450617373776f72647c733a313a2230223b6c616e67756167657c733a373a22656e676c697368223b),
('ufqndkugl05tvaf2lgj1mc0fsqnf6fjc', '::1', 1695892911, 0x5f5f63695f6c6173745f726567656e65726174657c693a313639353839323737343b41444d494e5f49447c733a313a2231223b545950457c733a313a2241223b44656661756c7450617373776f72647c733a313a2230223b6c616e67756167657c733a373a22656e676c697368223b),
('vtpl0ggbakshr8hctf3sibu8r4oo3m8l', '::1', 1695893551, 0x5f5f63695f6c6173745f726567656e65726174657c693a313639353839333535313b41444d494e5f49447c733a313a2231223b545950457c733a313a2241223b44656661756c7450617373776f72647c733a313a2230223b6c616e67756167657c733a373a22656e676c697368223b);
COMMIT;

/*!40101 SET CHARACTER_SET_CLIENT=@OLD_CHARACTER_SET_CLIENT */;
/*!40101 SET CHARACTER_SET_RESULTS=@OLD_CHARACTER_SET_RESULTS */;
/*!40101 SET COLLATION_CONNECTION=@OLD_COLLATION_CONNECTION */;
